#
# There is insufficient memory for the Java Runtime Environment to continue.
# Native memory allocation (mmap) failed to map 171966464 bytes for G1 virtual space
# Possible reasons:
#   The system is out of physical RAM or swap space
#   The process is running with CompressedOops enabled, and the Java Heap may be blocking the growth of the native heap
# Possible solutions:
#   Reduce memory load on the system
#   Increase physical memory or swap space
#   Check if swap backing store is full
#   Decrease Java heap size (-Xmx/-Xms)
#   Decrease number of Java threads
#   Decrease Java thread stack sizes (-Xss)
#   Set larger code cache with -XX:ReservedCodeCacheSize=
#   JVM is running with Zero Based Compressed Oops mode in which the Java heap is
#     placed in the first 32GB address space. The Java Heap base address is the
#     maximum limit for the native heap growth. Please use -XX:HeapBaseMinAddress
#     to set the Java Heap base and to place the Java Heap above 32GB virtual address.
# This output file may be truncated or incomplete.
#
#  Out of Memory Error (os_windows.cpp:3548), pid=6920, tid=5312
#
# JRE version: Java(TM) SE Runtime Environment (17.0.13+10) (build 17.0.13+10-LTS-268)
# Java VM: Java HotSpot(TM) 64-Bit Server VM (17.0.13+10-LTS-268, mixed mode, sharing, tiered, compressed oops, compressed class ptrs, g1 gc, windows-amd64)
# No core dump will be written. Minidumps are not enabled by default on client versions of Windows
#

---------------  S U M M A R Y ------------

Command Line: -XX:MaxMetaspaceSize=512m --add-opens=java.base/java.util=ALL-UNNAMED --add-opens=java.base/java.lang=ALL-UNNAMED --add-opens=java.base/java.lang.invoke=ALL-UNNAMED --add-opens=java.prefs/java.util.prefs=ALL-UNNAMED --add-opens=java.base/java.nio.charset=ALL-UNNAMED --add-opens=java.base/java.net=ALL-UNNAMED --add-opens=java.base/java.util.concurrent.atomic=ALL-UNNAMED -Xmx4096m -Dfile.encoding=windows-1252 -Duser.country=IN -Duser.language=en -Duser.variant -javaagent:C:\Users\HP Pavilion Gaming\.gradle\wrapper\dists\gradle-8.3-all\6en3ugtfdg5xnpx44z4qbwgas\gradle-8.3\lib\agents\gradle-instrumentation-agent-8.3.jar org.gradle.launcher.daemon.bootstrap.GradleDaemon 8.3

Host: AMD Ryzen 5 4600H with Radeon Graphics         , 12 cores, 7G,  Windows 11 , 64 bit Build 26100 (10.0.26100.7623)
Time: Sun Feb 22 00:25:57 2026 India Standard Time elapsed time: 258.782859 seconds (0d 0h 4m 18s)

---------------  T H R E A D  ---------------

Current thread (0x0000026851f0ede0):  VMThread "VM Thread" [stack: 0x000000851da00000,0x000000851db00000] [id=5312]

Stack: [0x000000851da00000,0x000000851db00000]
Native frames: (J=compiled Java code, j=interpreted, Vv=VM code, C=native code)
V  [jvm.dll+0x67a23a]
V  [jvm.dll+0x7da96d]
V  [jvm.dll+0x7dc2b3]
V  [jvm.dll+0x7dc923]
V  [jvm.dll+0x2450ef]
V  [jvm.dll+0x677279]
V  [jvm.dll+0x66bf22]
V  [jvm.dll+0x302006]
V  [jvm.dll+0x3095a6]
V  [jvm.dll+0x359e9e]
V  [jvm.dll+0x35a0cf]
V  [jvm.dll+0x2d90d8]
V  [jvm.dll+0x2d750d]
V  [jvm.dll+0x2d6b5c]
V  [jvm.dll+0x31a6bb]
V  [jvm.dll+0x7e121b]
V  [jvm.dll+0x7e1f54]
V  [jvm.dll+0x7e246d]
V  [jvm.dll+0x7e2844]
V  [jvm.dll+0x7e2910]
V  [jvm.dll+0x78af1a]
V  [jvm.dll+0x679125]
C  [ucrtbase.dll+0x37b0]
C  [KERNEL32.DLL+0x2e8d7]
C  [ntdll.dll+0x8c53c]

VM_Operation (0x0000008521bf8d30): G1CollectForAllocation, mode: safepoint, requested by thread 0x0000026876ab7f90


---------------  P R O C E S S  ---------------

Threads class SMR info:
_java_thread_list=0x00000268023817c0, length=226, elements={
0x000002682ccdb210, 0x0000026851f1a440, 0x0000026851f1bf20, 0x0000026851f4eee0,
0x0000026851f517c0, 0x0000026851f52090, 0x0000026851f52960, 0x0000026851f55980,
0x0000026851f5b7a0, 0x0000026851f660d0, 0x00000268711a1470, 0x00000268712f33e0,
0x0000026872299bf0, 0x0000026872840750, 0x0000026871585af0, 0x000002687312a100,
0x0000026871f135d0, 0x0000026871f10840, 0x0000026871f10d50, 0x0000026871f11770,
0x0000026871f12190, 0x0000026871f126a0, 0x000002687357df70, 0x000002687357e990,
0x000002687357da60, 0x000002687357b6f0, 0x000002687357e480, 0x0000026873582650,
0x0000026873582140, 0x0000026873581210, 0x00000268735802e0, 0x000002687357f3b0,
0x00000268735807f0, 0x0000026873583070, 0x000002687357fdd0, 0x0000026873189010,
0x00000268731880e0, 0x000002687318c7c0, 0x000002687318c2b0, 0x000002687318ccd0,
0x000002687318d1e0, 0x000002687318e110, 0x0000026875c040f0, 0x0000026875c05a40,
0x0000026875c036d0, 0x0000026875c06460, 0x0000026875c03be0, 0x0000026879a7a040,
0x0000026871268d10, 0x0000026871269220, 0x0000026871269730, 0x0000026871269c40,
0x000002687126a150, 0x000002687126a660, 0x0000026871e0e8e0, 0x000002687fa6c850,
0x000002687fa6a9f0, 0x000002680023fb80, 0x0000026800240ab0, 0x0000026876ab93d0,
0x0000026876ab8ec0, 0x0000026871dc2080, 0x0000026871dc2590, 0x0000026871dc2aa0,
0x000002687e0d9fa0, 0x0000026876ab7570, 0x0000026876ab7060, 0x0000026876ab7a80,
0x0000026876ab7f90, 0x0000026876ab98e0, 0x000002687e0d6d00, 0x000002687e0d7210,
0x000002687e0da4b0, 0x000002687e0d7720, 0x000002687e0d8140, 0x000002687e0d8650,
0x000002687e0d9070, 0x000002687e0d9580, 0x0000026876b601f0, 0x000002687fa6af00,
0x0000026877abf1e0, 0x0000026876b5fce0, 0x0000026876b5e8a0, 0x0000026876b5edb0,
0x00000268712656e0, 0x0000026871263d90, 0x00000268712642a0, 0x0000026871263880,
0x0000026871264cc0, 0x0000026871262e60, 0x00000268712647b0, 0x0000026877ac1550,
0x000002687796b380, 0x000002687796bda0, 0x000002687796b890, 0x0000026874f55410,
0x0000026874f530a0, 0x0000026874f54f00, 0x0000026874f55920, 0x0000026874f52680,
0x0000026874f544e0, 0x0000026874f549f0, 0x0000026874f52b90, 0x00000268797ea080,
0x00000268797e9660, 0x0000026871262950, 0x0000026871265bf0, 0x00000268712651d0,
0x0000026871262440, 0x0000026871263370, 0x0000026872308370, 0x0000026872307e60,
0x0000026872307440, 0x0000026872308880, 0x0000026872307950, 0x0000026872308d90,
0x0000026876ab84a0, 0x0000026876ab89b0, 0x0000026876ab9df0, 0x0000026876aba300,
0x0000026876aba810, 0x0000026877de6380, 0x0000026877de4f40, 0x0000026877de77c0,
0x0000026877de7cd0, 0x0000026877de72b0, 0x0000026877de5450, 0x0000026871e0f810,
0x00000268797e9b70, 0x00000268797ea590, 0x00000268797e9150, 0x00000268797e8220,
0x00000268797eaaa0, 0x00000268797e8c40, 0x00000268797e8730, 0x00000268797eafb0,
0x00000268797eb4c0, 0x00000268797e7d10, 0x000002687e0d9a90, 0x0000026877de4a30,
0x0000026877de6890, 0x0000026877de4520, 0x0000026877de5960, 0x000002687e48c8d0,
0x000002687e48a050, 0x000002687e489120, 0x000002687e48af80, 0x000002687e48b490,
0x000002687e489630, 0x000002687fa6cd60, 0x000002687fa6d270, 0x000002687fa6be30,
0x000002687fa6d780, 0x000002687fa6c340, 0x000002687fa6e1a0, 0x000002687fa69ac0,
0x0000026874f52170, 0x0000026874f535b0, 0x0000026874f53ac0, 0x0000026874f53fd0,
0x00000268723092a0, 0x00000268723097b0, 0x0000026872309cc0, 0x000002687230a1d0,
0x0000026872306a20, 0x0000026872306f30, 0x0000026800337fe0, 0x0000026800338a00,
0x0000026800339420, 0x0000026800339930, 0x0000026800338f10, 0x000002687240ff30,
0x000002687ff08c20, 0x0000026877abfc00, 0x0000026874b894b0, 0x0000026874b88580,
0x0000026874b89ed0, 0x0000026874b8b820, 0x0000026874b88070, 0x0000026877ac1040,
0x000002687ff09130, 0x000002687ff0a060, 0x000002687ff08710, 0x000002687ff09640,
0x0000026874b88a90, 0x0000026800339e40, 0x000002680033a350, 0x0000026877de5e70,
0x0000026877de6da0, 0x000002680173d030, 0x000002680173a7b0, 0x000002680173b6e0,
0x000002680173a2a0, 0x000002680173c100, 0x0000026873372af0, 0x000002687e48b9a0,
0x000002687e48beb0, 0x00000268022ebe30, 0x00000268022ee6b0, 0x00000268022ec340,
0x00000268022eb410, 0x00000268022eb920, 0x00000268022ed780, 0x00000268022ec850,
0x00000268022ecd60, 0x00000268022ed270, 0x000002680173acc0, 0x000002680173bbf0,
0x0000026871e0e3d0, 0x000002687ff09b50, 0x0000026871e0edf0, 0x000002687eb84370,
0x000002687eb852a0, 0x000002687eb84880, 0x000002687eb83950, 0x000002687eb83440,
0x000002687eb857b0, 0x0000026874b88fa0, 0x0000026871f96490, 0x0000026871f95f80,
0x0000026871f95050, 0x0000026871f95560, 0x000002687fa6ebc0, 0x000002687fa6f0d0,
0x000002687fa6f5e0, 0x0000026873374030
}

Java Threads: ( => current thread )
  0x000002682ccdb210 JavaThread "main" [_thread_blocked, id=18364, stack(0x000000851d400000,0x000000851d500000)]
  0x0000026851f1a440 JavaThread "Reference Handler" daemon [_thread_blocked, id=33760, stack(0x000000851db00000,0x000000851dc00000)]
  0x0000026851f1bf20 JavaThread "Finalizer" daemon [_thread_blocked, id=16056, stack(0x000000851dc00000,0x000000851dd00000)]
  0x0000026851f4eee0 JavaThread "Signal Dispatcher" daemon [_thread_blocked, id=31348, stack(0x000000851dd00000,0x000000851de00000)]
  0x0000026851f517c0 JavaThread "Attach Listener" daemon [_thread_blocked, id=7700, stack(0x000000851de00000,0x000000851df00000)]
  0x0000026851f52090 JavaThread "Service Thread" daemon [_thread_blocked, id=30924, stack(0x000000851df00000,0x000000851e000000)]
  0x0000026851f52960 JavaThread "Monitor Deflation Thread" daemon [_thread_blocked, id=15968, stack(0x000000851e000000,0x000000851e100000)]
  0x0000026851f55980 JavaThread "C2 CompilerThread0" daemon [_thread_blocked, id=29604, stack(0x000000851e100000,0x000000851e200000)]
  0x0000026851f5b7a0 JavaThread "C1 CompilerThread0" daemon [_thread_blocked, id=15744, stack(0x000000851e200000,0x000000851e300000)]
  0x0000026851f660d0 JavaThread "Sweeper thread" daemon [_thread_blocked, id=23056, stack(0x000000851e300000,0x000000851e400000)]
  0x00000268711a1470 JavaThread "Common-Cleaner" daemon [_thread_blocked, id=13044, stack(0x000000851e400000,0x000000851e500000)]
  0x00000268712f33e0 JavaThread "Notification Thread" daemon [_thread_blocked, id=33752, stack(0x000000851e500000,0x000000851e600000)]
  0x0000026872299bf0 JavaThread "Daemon health stats" [_thread_blocked, id=16488, stack(0x000000851ed00000,0x000000851ee00000)]
  0x0000026872840750 JavaThread "Incoming local TCP Connector on port 51403" [_thread_in_native, id=7588, stack(0x000000851e700000,0x000000851e800000)]
  0x0000026871585af0 JavaThread "Daemon periodic checks" [_thread_blocked, id=6828, stack(0x000000851e800000,0x000000851e900000)]
  0x000002687312a100 JavaThread "Daemon" [_thread_blocked, id=22164, stack(0x000000851ee00000,0x000000851ef00000)]
  0x0000026871f135d0 JavaThread "Daemon worker" [_thread_blocked, id=33336, stack(0x000000851f100000,0x000000851f200000)]
  0x0000026871f10840 JavaThread "Cache worker for journal cache (C:\Users\HP Pavilion Gaming\.gradle\caches\journal-1)" [_thread_blocked, id=25116, stack(0x000000851fa00000,0x000000851fb00000)]
  0x0000026871f10d50 JavaThread "File lock request listener" [_thread_in_native, id=23180, stack(0x000000851fb00000,0x000000851fc00000)]
  0x0000026871f11770 JavaThread "Cache worker for file hash cache (C:\Users\HP Pavilion Gaming\.gradle\caches\8.3\fileHashes)" [_thread_blocked, id=21532, stack(0x000000851fd00000,0x000000851fe00000)]
  0x0000026871f12190 JavaThread "File watcher server" daemon [_thread_blocked, id=30408, stack(0x000000851fe00000,0x000000851ff00000)]
  0x0000026871f126a0 JavaThread "File watcher consumer" daemon [_thread_blocked, id=16768, stack(0x000000851ff00000,0x0000008520000000)]
  0x000002687357df70 JavaThread "Cache worker for file content cache (C:\Users\HP Pavilion Gaming\.gradle\caches\8.3\fileContent)" [_thread_blocked, id=32856, stack(0x0000008520300000,0x0000008520400000)]
  0x000002687357e990 JavaThread "Cache worker for execution history cache (C:\Users\HP Pavilion Gaming\.gradle\caches\8.3\executionHistory)" [_thread_blocked, id=24256, stack(0x0000008520700000,0x0000008520800000)]
  0x000002687357da60 JavaThread "jar transforms" [_thread_blocked, id=5428, stack(0x0000008520900000,0x0000008520a00000)]
  0x000002687357b6f0 JavaThread "jar transforms Thread 2" [_thread_blocked, id=8, stack(0x0000008520a00000,0x0000008520b00000)]
  0x000002687357e480 JavaThread "jar transforms Thread 3" [_thread_blocked, id=19876, stack(0x0000008520b00000,0x0000008520c00000)]
  0x0000026873582650 JavaThread "jar transforms Thread 4" [_thread_blocked, id=31704, stack(0x0000008520c00000,0x0000008520d00000)]
  0x0000026873582140 JavaThread "Cache worker for kotlin-dsl (C:\Users\HP Pavilion Gaming\.gradle\caches\8.3\kotlin-dsl)" [_thread_blocked, id=19504, stack(0x0000008520d00000,0x0000008520e00000)]
  0x0000026873581210 JavaThread "jar transforms Thread 5" [_thread_blocked, id=6524, stack(0x0000008520e00000,0x0000008520f00000)]
  0x00000268735802e0 JavaThread "jar transforms Thread 6" [_thread_blocked, id=19824, stack(0x0000008520f00000,0x0000008521000000)]
  0x000002687357f3b0 JavaThread "jar transforms Thread 7" [_thread_blocked, id=28540, stack(0x0000008521100000,0x0000008521200000)]
  0x00000268735807f0 JavaThread "jar transforms Thread 8" [_thread_blocked, id=31796, stack(0x0000008521200000,0x0000008521300000)]
  0x0000026873583070 JavaThread "jar transforms Thread 9" [_thread_blocked, id=30544, stack(0x0000008521300000,0x0000008521400000)]
  0x000002687357fdd0 JavaThread "jar transforms Thread 10" [_thread_blocked, id=13684, stack(0x0000008521400000,0x0000008521500000)]
  0x0000026873189010 JavaThread "jar transforms Thread 11" [_thread_blocked, id=33124, stack(0x0000008521500000,0x0000008521600000)]
  0x00000268731880e0 JavaThread "jar transforms Thread 12" [_thread_blocked, id=22720, stack(0x0000008521600000,0x0000008521700000)]
  0x000002687318c7c0 JavaThread "Memory manager" [_thread_blocked, id=15240, stack(0x0000008522400000,0x0000008522500000)]
  0x000002687318c2b0 JavaThread "ForkJoinPool.commonPool-worker-1" daemon [_thread_blocked, id=6740, stack(0x0000008522700000,0x0000008522800000)]
  0x000002687318ccd0 JavaThread "ForkJoinPool.commonPool-worker-2" daemon [_thread_blocked, id=9888, stack(0x0000008522800000,0x0000008522900000)]
  0x000002687318d1e0 JavaThread "ForkJoinPool.commonPool-worker-4" daemon [_thread_blocked, id=26928, stack(0x0000008522a00000,0x0000008522b00000)]
  0x000002687318e110 JavaThread "ForkJoinPool.commonPool-worker-5" daemon [_thread_blocked, id=4580, stack(0x0000008522b00000,0x0000008522c00000)]
  0x0000026875c040f0 JavaThread "ForkJoinPool.commonPool-worker-6" daemon [_thread_blocked, id=27056, stack(0x0000008522c00000,0x0000008522d00000)]
  0x0000026875c05a40 JavaThread "ForkJoinPool.commonPool-worker-7" daemon [_thread_blocked, id=28528, stack(0x0000008522d00000,0x0000008522e00000)]
  0x0000026875c036d0 JavaThread "ForkJoinPool.commonPool-worker-8" daemon [_thread_blocked, id=27592, stack(0x0000008522e00000,0x0000008522f00000)]
  0x0000026875c06460 JavaThread "ForkJoinPool.commonPool-worker-9" daemon [_thread_blocked, id=25676, stack(0x0000008522f00000,0x0000008523000000)]
  0x0000026875c03be0 JavaThread "ForkJoinPool.commonPool-worker-10" daemon [_thread_blocked, id=5284, stack(0x0000008523000000,0x0000008523100000)]
  0x0000026879a7a040 JavaThread "Cache worker for Java compile cache (C:\Users\HP Pavilion Gaming\.gradle\caches\8.3\javaCompile)" [_thread_blocked, id=17304, stack(0x000000851d300000,0x000000851d400000)]
  0x0000026871268d10 JavaThread "RMI Scheduler(0)" daemon [_thread_blocked, id=5444, stack(0x000000852ae00000,0x000000852af00000)]
  0x0000026871269220 JavaThread "RMI GC Daemon" daemon [_thread_blocked, id=33600, stack(0x000000852c600000,0x000000852c700000)]
  0x0000026871269730 JavaThread "RMI TCP Accept-0" daemon [_thread_in_native, id=29180, stack(0x000000852c700000,0x000000852c800000)]
  0x0000026871269c40 JavaThread "RMI Reaper" [_thread_blocked, id=33244, stack(0x000000852c800000,0x000000852c900000)]
  0x000002687126a150 JavaThread "Handler for socket connection from /127.0.0.1:51403 to /127.0.0.1:50091" [_thread_in_native, id=20688, stack(0x000000851d100000,0x000000851d200000)]
  0x000002687126a660 JavaThread "Cancel handler" [_thread_blocked, id=33480, stack(0x000000851d200000,0x000000851d300000)]
  0x0000026871e0e8e0 JavaThread "Asynchronous log dispatcher for DefaultDaemonConnection: socket connection from /127.0.0.1:51403 to /127.0.0.1:50091" [_thread_blocked, id=17268, stack(0x000000851ef00000,0x000000851f000000)]
  0x000002687fa6c850 JavaThread "Stdin handler" [_thread_blocked, id=25596, stack(0x000000851f000000,0x000000851f100000)]
  0x000002687fa6a9f0 JavaThread "Daemon client event forwarder" [_thread_blocked, id=20608, stack(0x000000851f200000,0x000000851f300000)]
  0x000002680023fb80 JavaThread "Cache worker for checksums cache (D:\My Stuff\New folder\Projects\doc-appoint\doc-appoint-mobileApp\android\.gradle\8.3\checksums)" [_thread_blocked, id=33668, stack(0x000000851fc00000,0x000000851fd00000)]
  0x0000026800240ab0 JavaThread "Cache worker for file hash cache (D:\My Stuff\New folder\Projects\doc-appoint\doc-appoint-mobileApp\android\.gradle\8.3\fileHashes)" [_thread_blocked, id=32892, stack(0x0000008520000000,0x0000008520100000)]
  0x0000026876ab93d0 JavaThread "Cache worker for cache directory md-supplier (C:\Users\HP Pavilion Gaming\.gradle\caches\8.3\md-supplier)" [_thread_blocked, id=27904, stack(0x0000008520100000,0x0000008520200000)]
  0x0000026876ab8ec0 JavaThread "Cache worker for cache directory md-rule (C:\Users\HP Pavilion Gaming\.gradle\caches\8.3\md-rule)" [_thread_blocked, id=32972, stack(0x0000008520200000,0x0000008520300000)]
  0x0000026871dc2080 JavaThread "Unconstrained build operations" [_thread_blocked, id=25456, stack(0x000000851f400000,0x000000851f500000)]
  0x0000026871dc2590 JavaThread "Unconstrained build operations Thread 2" [_thread_blocked, id=12728, stack(0x0000008520600000,0x0000008520700000)]
  0x0000026871dc2aa0 JavaThread "Cache worker for dependencies-accessors (D:\My Stuff\New folder\Projects\doc-appoint\doc-appoint-mobileApp\android\.gradle\8.3\dependencies-accessors)" [_thread_blocked, id=20364, stack(0x0000008520800000,0x0000008520900000)]
  0x000002687e0d9fa0 JavaThread "Cache worker for Build Output Cleanup Cache (D:\My Stuff\New folder\Projects\doc-appoint\doc-appoint-mobileApp\node_modules\@react-native\gradle-plugin\.gradle\buildOutputCleanup)" [_thread_blocked, id=21172, stack(0x0000008521700000,0x0000008521800000)]
  0x0000026876ab7570 JavaThread "Unconstrained build operations Thread 3" [_thread_blocked, id=30084, stack(0x0000008521800000,0x0000008521900000)]
  0x0000026876ab7060 JavaThread "Unconstrained build operations Thread 4" [_thread_blocked, id=18764, stack(0x0000008521900000,0x0000008521a00000)]
  0x0000026876ab7a80 JavaThread "Unconstrained build operations Thread 5" [_thread_blocked, id=18344, stack(0x0000008521a00000,0x0000008521b00000)]
  0x0000026876ab7f90 JavaThread "Unconstrained build operations Thread 6" [_thread_blocked, id=12276, stack(0x0000008521b00000,0x0000008521c00000)]
  0x0000026876ab98e0 JavaThread "Unconstrained build operations Thread 7" [_thread_blocked, id=28028, stack(0x0000008521c00000,0x0000008521d00000)]
  0x000002687e0d6d00 JavaThread "Unconstrained build operations Thread 8" [_thread_blocked, id=33516, stack(0x0000008521d00000,0x0000008521e00000)]
  0x000002687e0d7210 JavaThread "Unconstrained build operations Thread 9" [_thread_blocked, id=21392, stack(0x0000008521e00000,0x0000008521f00000)]
  0x000002687e0da4b0 JavaThread "Unconstrained build operations Thread 10" [_thread_blocked, id=20056, stack(0x0000008521f00000,0x0000008522000000)]
  0x000002687e0d7720 JavaThread "Unconstrained build operations Thread 11" [_thread_blocked, id=15036, stack(0x0000008522000000,0x0000008522100000)]
  0x000002687e0d8140 JavaThread "Unconstrained build operations Thread 12" [_thread_blocked, id=14844, stack(0x0000008522100000,0x0000008522200000)]
  0x000002687e0d8650 JavaThread "Unconstrained build operations Thread 13" [_thread_blocked, id=27324, stack(0x0000008522200000,0x0000008522300000)]
  0x000002687e0d9070 JavaThread "Cache worker for Build Output Cleanup Cache (D:\My Stuff\New folder\Projects\doc-appoint\doc-appoint-mobileApp\android\.gradle\buildOutputCleanup)" [_thread_blocked, id=9212, stack(0x0000008522300000,0x0000008522400000)]
  0x000002687e0d9580 JavaThread "ForkJoinPool.commonPool-worker-12" daemon [_thread_blocked, id=30828, stack(0x0000008522500000,0x0000008522600000)]
  0x0000026876b601f0 JavaThread "ForkJoinPool.commonPool-worker-13" daemon [_thread_blocked, id=29644, stack(0x0000008522600000,0x0000008522700000)]
  0x000002687fa6af00 JavaThread "included builds" [_thread_blocked, id=26176, stack(0x0000008522900000,0x0000008522a00000)]
  0x0000026877abf1e0 JavaThread "Execution worker" [_thread_blocked, id=31420, stack(0x0000008523100000,0x0000008523200000)]
  0x0000026876b5fce0 JavaThread "Execution worker Thread 2" [_thread_blocked, id=28428, stack(0x0000008523200000,0x0000008523300000)]
  0x0000026876b5e8a0 JavaThread "Execution worker Thread 3" [_thread_blocked, id=11776, stack(0x0000008523300000,0x0000008523400000)]
  0x0000026876b5edb0 JavaThread "Execution worker Thread 4" [_thread_blocked, id=31532, stack(0x0000008523400000,0x0000008523500000)]
  0x00000268712656e0 JavaThread "Execution worker Thread 5" [_thread_blocked, id=12404, stack(0x0000008523500000,0x0000008523600000)]
  0x0000026871263d90 JavaThread "Execution worker Thread 6" [_thread_blocked, id=4608, stack(0x0000008523600000,0x0000008523700000)]
  0x00000268712642a0 JavaThread "Execution worker Thread 7" [_thread_blocked, id=16880, stack(0x0000008523700000,0x0000008523800000)]
  0x0000026871263880 JavaThread "Execution worker Thread 8" [_thread_blocked, id=22724, stack(0x0000008523800000,0x0000008523900000)]
  0x0000026871264cc0 JavaThread "Execution worker Thread 9" [_thread_blocked, id=23032, stack(0x0000008523900000,0x0000008523a00000)]
  0x0000026871262e60 JavaThread "Execution worker Thread 10" [_thread_blocked, id=26852, stack(0x0000008523a00000,0x0000008523b00000)]
  0x00000268712647b0 JavaThread "Execution worker Thread 11" [_thread_blocked, id=22360, stack(0x0000008523b00000,0x0000008523c00000)]
  0x0000026877ac1550 JavaThread "Cache worker for execution history cache (D:\My Stuff\New folder\Projects\doc-appoint\doc-appoint-mobileApp\node_modules\@react-native\gradle-plugin\.gradle\8.3\executionHistory)" [_thread_blocked, id=30072, stack(0x0000008523c00000,0x0000008523d00000)]
  0x000002687796b380 JavaThread "Unconstrained build operations Thread 14" [_thread_blocked, id=7612, stack(0x0000008523d00000,0x0000008523e00000)]
  0x000002687796bda0 JavaThread "Unconstrained build operations Thread 15" [_thread_blocked, id=7704, stack(0x0000008523e00000,0x0000008523f00000)]
  0x000002687796b890 JavaThread "Unconstrained build operations Thread 16" [_thread_blocked, id=20488, stack(0x0000008523f00000,0x0000008524000000)]
  0x0000026874f55410 JavaThread "Unconstrained build operations Thread 17" [_thread_blocked, id=30548, stack(0x0000008524000000,0x0000008524100000)]
  0x0000026874f530a0 JavaThread "Unconstrained build operations Thread 18" [_thread_blocked, id=32680, stack(0x0000008524100000,0x0000008524200000)]
  0x0000026874f54f00 JavaThread "Unconstrained build operations Thread 19" [_thread_blocked, id=29008, stack(0x0000008524200000,0x0000008524300000)]
  0x0000026874f55920 JavaThread "Unconstrained build operations Thread 20" [_thread_blocked, id=30900, stack(0x0000008524300000,0x0000008524400000)]
  0x0000026874f52680 JavaThread "Unconstrained build operations Thread 21" [_thread_blocked, id=18240, stack(0x0000008524400000,0x0000008524500000)]
  0x0000026874f544e0 JavaThread "Unconstrained build operations Thread 22" [_thread_blocked, id=27944, stack(0x0000008524500000,0x0000008524600000)]
  0x0000026874f549f0 JavaThread "Unconstrained build operations Thread 23" [_thread_blocked, id=17804, stack(0x0000008524600000,0x0000008524700000)]
  0x0000026874f52b90 JavaThread "Unconstrained build operations Thread 24" [_thread_blocked, id=32964, stack(0x0000008524700000,0x0000008524800000)]
  0x00000268797ea080 JavaThread "Unconstrained build operations Thread 25" [_thread_blocked, id=24796, stack(0x0000008524800000,0x0000008524900000)]
  0x00000268797e9660 JavaThread "Unconstrained build operations Thread 26" [_thread_blocked, id=17800, stack(0x0000008524900000,0x0000008524a00000)]
  0x0000026871262950 JavaThread "Unconstrained build operations Thread 27" [_thread_blocked, id=2148, stack(0x0000008524a00000,0x0000008524b00000)]
  0x0000026871265bf0 JavaThread "Unconstrained build operations Thread 28" [_thread_blocked, id=18664, stack(0x0000008524b00000,0x0000008524c00000)]
  0x00000268712651d0 JavaThread "Unconstrained build operations Thread 29" [_thread_blocked, id=23156, stack(0x0000008524c00000,0x0000008524d00000)]
  0x0000026871262440 JavaThread "Unconstrained build operations Thread 30" [_thread_blocked, id=25088, stack(0x0000008524d00000,0x0000008524e00000)]
  0x0000026871263370 JavaThread "Unconstrained build operations Thread 31" [_thread_blocked, id=27544, stack(0x0000008524e00000,0x0000008524f00000)]
  0x0000026872308370 JavaThread "Unconstrained build operations Thread 32" [_thread_blocked, id=7876, stack(0x0000008524f00000,0x0000008525000000)]
  0x0000026872307e60 JavaThread "Unconstrained build operations Thread 33" [_thread_blocked, id=30932, stack(0x0000008525000000,0x0000008525100000)]
  0x0000026872307440 JavaThread "Unconstrained build operations Thread 34" [_thread_blocked, id=28604, stack(0x0000008525100000,0x0000008525200000)]
  0x0000026872308880 JavaThread "Unconstrained build operations Thread 35" [_thread_blocked, id=29888, stack(0x0000008525200000,0x0000008525300000)]
  0x0000026872307950 JavaThread "Unconstrained build operations Thread 36" [_thread_blocked, id=32376, stack(0x0000008525300000,0x0000008525400000)]
  0x0000026872308d90 JavaThread "Unconstrained build operations Thread 37" [_thread_blocked, id=16972, stack(0x0000008525400000,0x0000008525500000)]
  0x0000026876ab84a0 JavaThread "Unconstrained build operations Thread 38" [_thread_blocked, id=13468, stack(0x0000008521000000,0x0000008521100000)]
  0x0000026876ab89b0 JavaThread "Unconstrained build operations Thread 39" [_thread_blocked, id=27704, stack(0x0000008525500000,0x0000008525600000)]
  0x0000026876ab9df0 JavaThread "Unconstrained build operations Thread 40" [_thread_blocked, id=18684, stack(0x0000008525600000,0x0000008525700000)]
  0x0000026876aba300 JavaThread "Unconstrained build operations Thread 41" [_thread_blocked, id=22664, stack(0x0000008525700000,0x0000008525800000)]
  0x0000026876aba810 JavaThread "Unconstrained build operations Thread 42" [_thread_blocked, id=25452, stack(0x0000008525800000,0x0000008525900000)]
  0x0000026877de6380 JavaThread "Unconstrained build operations Thread 43" [_thread_blocked, id=28832, stack(0x0000008525900000,0x0000008525a00000)]
  0x0000026877de4f40 JavaThread "Unconstrained build operations Thread 44" [_thread_blocked, id=32028, stack(0x0000008525a00000,0x0000008525b00000)]
  0x0000026877de77c0 JavaThread "Unconstrained build operations Thread 45" [_thread_blocked, id=22736, stack(0x0000008525b00000,0x0000008525c00000)]
  0x0000026877de7cd0 JavaThread "Unconstrained build operations Thread 46" [_thread_blocked, id=25764, stack(0x0000008525c00000,0x0000008525d00000)]
  0x0000026877de72b0 JavaThread "Unconstrained build operations Thread 47" [_thread_blocked, id=20612, stack(0x0000008525d00000,0x0000008525e00000)]
  0x0000026877de5450 JavaThread "Unconstrained build operations Thread 48" [_thread_blocked, id=18600, stack(0x0000008525e00000,0x0000008525f00000)]
  0x0000026871e0f810 JavaThread "Unconstrained build operations Thread 49" [_thread_blocked, id=23244, stack(0x0000008525f00000,0x0000008526000000)]
  0x00000268797e9b70 JavaThread "Unconstrained build operations Thread 50" [_thread_blocked, id=15164, stack(0x0000008526000000,0x0000008526100000)]
  0x00000268797ea590 JavaThread "Unconstrained build operations Thread 51" [_thread_blocked, id=31188, stack(0x0000008526100000,0x0000008526200000)]
  0x00000268797e9150 JavaThread "Unconstrained build operations Thread 52" [_thread_blocked, id=28368, stack(0x0000008526200000,0x0000008526300000)]
  0x00000268797e8220 JavaThread "Unconstrained build operations Thread 53" [_thread_blocked, id=20576, stack(0x0000008526300000,0x0000008526400000)]
  0x00000268797eaaa0 JavaThread "Unconstrained build operations Thread 54" [_thread_blocked, id=25016, stack(0x0000008526400000,0x0000008526500000)]
  0x00000268797e8c40 JavaThread "Unconstrained build operations Thread 55" [_thread_blocked, id=32272, stack(0x0000008526500000,0x0000008526600000)]
  0x00000268797e8730 JavaThread "Unconstrained build operations Thread 56" [_thread_blocked, id=26448, stack(0x0000008526600000,0x0000008526700000)]
  0x00000268797eafb0 JavaThread "Unconstrained build operations Thread 57" [_thread_blocked, id=15888, stack(0x0000008526700000,0x0000008526800000)]
  0x00000268797eb4c0 JavaThread "Unconstrained build operations Thread 58" [_thread_blocked, id=31692, stack(0x0000008526800000,0x0000008526900000)]
  0x00000268797e7d10 JavaThread "Unconstrained build operations Thread 59" [_thread_blocked, id=24680, stack(0x0000008526900000,0x0000008526a00000)]
  0x000002687e0d9a90 JavaThread "Unconstrained build operations Thread 60" [_thread_blocked, id=16244, stack(0x0000008526a00000,0x0000008526b00000)]
  0x0000026877de4a30 JavaThread "Unconstrained build operations Thread 61" [_thread_blocked, id=24556, stack(0x0000008526b00000,0x0000008526c00000)]
  0x0000026877de6890 JavaThread "Unconstrained build operations Thread 62" [_thread_blocked, id=16420, stack(0x0000008526c00000,0x0000008526d00000)]
  0x0000026877de4520 JavaThread "Unconstrained build operations Thread 63" [_thread_blocked, id=33356, stack(0x0000008526d00000,0x0000008526e00000)]
  0x0000026877de5960 JavaThread "Unconstrained build operations Thread 64" [_thread_blocked, id=25440, stack(0x0000008526e00000,0x0000008526f00000)]
  0x000002687e48c8d0 JavaThread "Unconstrained build operations Thread 65" [_thread_blocked, id=33424, stack(0x0000008526f00000,0x0000008527000000)]
  0x000002687e48a050 JavaThread "Unconstrained build operations Thread 66" [_thread_blocked, id=33148, stack(0x0000008527000000,0x0000008527100000)]
  0x000002687e489120 JavaThread "Unconstrained build operations Thread 67" [_thread_blocked, id=26484, stack(0x0000008527100000,0x0000008527200000)]
  0x000002687e48af80 JavaThread "Unconstrained build operations Thread 68" [_thread_blocked, id=416, stack(0x0000008527200000,0x0000008527300000)]
  0x000002687e48b490 JavaThread "Unconstrained build operations Thread 69" [_thread_blocked, id=22996, stack(0x0000008527300000,0x0000008527400000)]
  0x000002687e489630 JavaThread "Unconstrained build operations Thread 70" [_thread_blocked, id=27816, stack(0x0000008527400000,0x0000008527500000)]
  0x000002687fa6cd60 JavaThread "Unconstrained build operations Thread 71" [_thread_blocked, id=24848, stack(0x0000008527600000,0x0000008527700000)]
  0x000002687fa6d270 JavaThread "Unconstrained build operations Thread 72" [_thread_blocked, id=29112, stack(0x0000008527700000,0x0000008527800000)]
  0x000002687fa6be30 JavaThread "Unconstrained build operations Thread 73" [_thread_blocked, id=20724, stack(0x0000008527800000,0x0000008527900000)]
  0x000002687fa6d780 JavaThread "Unconstrained build operations Thread 74" [_thread_blocked, id=21964, stack(0x0000008527900000,0x0000008527a00000)]
  0x000002687fa6c340 JavaThread "Unconstrained build operations Thread 75" [_thread_blocked, id=4172, stack(0x0000008527a00000,0x0000008527b00000)]
  0x000002687fa6e1a0 JavaThread "Unconstrained build operations Thread 76" [_thread_blocked, id=33680, stack(0x0000008527b00000,0x0000008527c00000)]
  0x000002687fa69ac0 JavaThread "Unconstrained build operations Thread 77" [_thread_blocked, id=33412, stack(0x0000008527c00000,0x0000008527d00000)]
  0x0000026874f52170 JavaThread "Unconstrained build operations Thread 78" [_thread_blocked, id=19828, stack(0x0000008527d00000,0x0000008527e00000)]
  0x0000026874f535b0 JavaThread "Unconstrained build operations Thread 79" [_thread_blocked, id=30232, stack(0x0000008527e00000,0x0000008527f00000)]
  0x0000026874f53ac0 JavaThread "Unconstrained build operations Thread 80" [_thread_blocked, id=25412, stack(0x0000008527f00000,0x0000008528000000)]
  0x0000026874f53fd0 JavaThread "Unconstrained build operations Thread 81" [_thread_blocked, id=19984, stack(0x0000008528000000,0x0000008528100000)]
  0x00000268723092a0 JavaThread "Unconstrained build operations Thread 82" [_thread_blocked, id=28196, stack(0x0000008528100000,0x0000008528200000)]
  0x00000268723097b0 JavaThread "Unconstrained build operations Thread 83" [_thread_blocked, id=21856, stack(0x0000008528200000,0x0000008528300000)]
  0x0000026872309cc0 JavaThread "Unconstrained build operations Thread 84" [_thread_blocked, id=32940, stack(0x0000008528300000,0x0000008528400000)]
  0x000002687230a1d0 JavaThread "Unconstrained build operations Thread 85" [_thread_blocked, id=29236, stack(0x0000008528400000,0x0000008528500000)]
  0x0000026872306a20 JavaThread "Unconstrained build operations Thread 86" [_thread_blocked, id=9856, stack(0x0000008528500000,0x0000008528600000)]
  0x0000026872306f30 JavaThread "Unconstrained build operations Thread 87" [_thread_blocked, id=13328, stack(0x0000008528600000,0x0000008528700000)]
  0x0000026800337fe0 JavaThread "Unconstrained build operations Thread 88" [_thread_blocked, id=14720, stack(0x0000008528700000,0x0000008528800000)]
  0x0000026800338a00 JavaThread "Unconstrained build operations Thread 89" [_thread_blocked, id=15728, stack(0x0000008528800000,0x0000008528900000)]
  0x0000026800339420 JavaThread "Unconstrained build operations Thread 90" [_thread_blocked, id=33620, stack(0x0000008528900000,0x0000008528a00000)]
  0x0000026800339930 JavaThread "Unconstrained build operations Thread 91" [_thread_blocked, id=6372, stack(0x0000008528a00000,0x0000008528b00000)]
  0x0000026800338f10 JavaThread "Unconstrained build operations Thread 92" [_thread_blocked, id=9432, stack(0x0000008528b00000,0x0000008528c00000)]
  0x000002687240ff30 JavaThread "Unconstrained build operations Thread 93" [_thread_blocked, id=26048, stack(0x0000008528c00000,0x0000008528d00000)]
  0x000002687ff08c20 JavaThread "Unconstrained build operations Thread 94" [_thread_blocked, id=20024, stack(0x0000008528d00000,0x0000008528e00000)]
  0x0000026877abfc00 JavaThread "Unconstrained build operations Thread 95" [_thread_blocked, id=24328, stack(0x0000008528e00000,0x0000008528f00000)]
  0x0000026874b894b0 JavaThread "Unconstrained build operations Thread 96" [_thread_blocked, id=2456, stack(0x0000008528f00000,0x0000008529000000)]
  0x0000026874b88580 JavaThread "Unconstrained build operations Thread 97" [_thread_blocked, id=29976, stack(0x0000008529000000,0x0000008529100000)]
  0x0000026874b89ed0 JavaThread "Unconstrained build operations Thread 98" [_thread_blocked, id=10192, stack(0x0000008529100000,0x0000008529200000)]
  0x0000026874b8b820 JavaThread "Unconstrained build operations Thread 99" [_thread_blocked, id=28216, stack(0x0000008529200000,0x0000008529300000)]
  0x0000026874b88070 JavaThread "Unconstrained build operations Thread 100" [_thread_blocked, id=30472, stack(0x0000008529300000,0x0000008529400000)]
  0x0000026877ac1040 JavaThread "Unconstrained build operations Thread 101" [_thread_blocked, id=11748, stack(0x0000008529400000,0x0000008529500000)]
  0x000002687ff09130 JavaThread "Unconstrained build operations Thread 102" [_thread_blocked, id=32732, stack(0x0000008529500000,0x0000008529600000)]
  0x000002687ff0a060 JavaThread "Unconstrained build operations Thread 103" [_thread_blocked, id=23124, stack(0x0000008529600000,0x0000008529700000)]
  0x000002687ff08710 JavaThread "Unconstrained build operations Thread 104" [_thread_blocked, id=472, stack(0x0000008529700000,0x0000008529800000)]
  0x000002687ff09640 JavaThread "Unconstrained build operations Thread 105" [_thread_blocked, id=30300, stack(0x0000008529800000,0x0000008529900000)]
  0x0000026874b88a90 JavaThread "Cache worker for execution history cache (D:\My Stuff\New folder\Projects\doc-appoint\doc-appoint-mobileApp\android\.gradle\8.3\executionHistory)" [_thread_blocked, id=8196, stack(0x0000008529900000,0x0000008529a00000)]
  0x0000026800339e40 JavaThread "Unconstrained build operations Thread 106" [_thread_blocked, id=31212, stack(0x0000008529a00000,0x0000008529b00000)]
  0x000002680033a350 JavaThread "Unconstrained build operations Thread 107" [_thread_blocked, id=22580, stack(0x0000008529b00000,0x0000008529c00000)]
  0x0000026877de5e70 JavaThread "Unconstrained build operations Thread 108" [_thread_blocked, id=29968, stack(0x0000008529c00000,0x0000008529d00000)]
  0x0000026877de6da0 JavaThread "Unconstrained build operations Thread 109" [_thread_blocked, id=18060, stack(0x0000008529d00000,0x0000008529e00000)]
  0x000002680173d030 JavaThread "Unconstrained build operations Thread 110" [_thread_blocked, id=26020, stack(0x0000008529e00000,0x0000008529f00000)]
  0x000002680173a7b0 JavaThread "Unconstrained build operations Thread 111" [_thread_blocked, id=9940, stack(0x0000008529f00000,0x000000852a000000)]
  0x000002680173b6e0 JavaThread "Unconstrained build operations Thread 112" [_thread_blocked, id=13244, stack(0x000000852a000000,0x000000852a100000)]
  0x000002680173a2a0 JavaThread "Unconstrained build operations Thread 113" [_thread_blocked, id=29444, stack(0x000000852a100000,0x000000852a200000)]
  0x000002680173c100 JavaThread "Unconstrained build operations Thread 114" [_thread_blocked, id=9272, stack(0x000000852a200000,0x000000852a300000)]
  0x0000026873372af0 JavaThread "C2 CompilerThread1" daemon [_thread_blocked, id=15648, stack(0x000000851f300000,0x000000851f400000)]
  0x000002687e48b9a0 JavaThread "Build operations" [_thread_blocked, id=31428, stack(0x0000008527500000,0x0000008527600000)]
  0x000002687e48beb0 JavaThread "Build operations Thread 2" [_thread_blocked, id=2392, stack(0x000000852a300000,0x000000852a400000)]
  0x00000268022ebe30 JavaThread "Build operations Thread 3" [_thread_blocked, id=12304, stack(0x000000852a400000,0x000000852a500000)]
  0x00000268022ee6b0 JavaThread "Build operations Thread 4" [_thread_blocked, id=32384, stack(0x000000852a500000,0x000000852a600000)]
  0x00000268022ec340 JavaThread "Build operations Thread 5" [_thread_blocked, id=760, stack(0x000000852a600000,0x000000852a700000)]
  0x00000268022eb410 JavaThread "Build operations Thread 6" [_thread_blocked, id=860, stack(0x000000852a700000,0x000000852a800000)]
  0x00000268022eb920 JavaThread "Build operations Thread 7" [_thread_blocked, id=5848, stack(0x000000852a800000,0x000000852a900000)]
  0x00000268022ed780 JavaThread "Build operations Thread 8" [_thread_blocked, id=23696, stack(0x000000852a900000,0x000000852aa00000)]
  0x00000268022ec850 JavaThread "Build operations Thread 9" [_thread_blocked, id=27764, stack(0x000000852aa00000,0x000000852ab00000)]
  0x00000268022ecd60 JavaThread "Build operations Thread 10" [_thread_blocked, id=18332, stack(0x000000852ab00000,0x000000852ac00000)]
  0x00000268022ed270 JavaThread "Build operations Thread 11" [_thread_blocked, id=21332, stack(0x000000852ac00000,0x000000852ad00000)]
  0x000002680173acc0 JavaThread "WorkerExecutor Queue" [_thread_in_native, id=33648, stack(0x000000852ad00000,0x000000852ae00000)]
  0x000002680173bbf0 JavaThread "WorkerExecutor Queue Thread 2" [_thread_blocked, id=12568, stack(0x000000852af00000,0x000000852b000000)]
  0x0000026871e0e3d0 JavaThread "RMI RenewClean-[127.0.0.1:17778,org.jetbrains.kotlin.daemon.common.LoopbackNetworkInterface$ClientLoopbackSocketFactory@4e068cb4]" daemon [_thread_blocked, id=23080, stack(0x000000852b000000,0x000000852b100000)]
  0x000002687ff09b50 JavaThread "WorkerExecutor Queue Thread 3" [_thread_blocked, id=26944, stack(0x000000852b100000,0x000000852b200000)]
  0x0000026871e0edf0 JavaThread "RMI TCP Connection(idle)" daemon [_thread_blocked, id=29572, stack(0x000000852b200000,0x000000852b300000)]
  0x000002687eb84370 JavaThread "Unconstrained build operations Thread 115" [_thread_blocked, id=31300, stack(0x000000852b300000,0x000000852b400000)]
  0x000002687eb852a0 JavaThread "Unconstrained build operations Thread 116" [_thread_blocked, id=28176, stack(0x000000852b400000,0x000000852b500000)]
  0x000002687eb84880 JavaThread "Unconstrained build operations Thread 117" [_thread_blocked, id=768, stack(0x000000852b500000,0x000000852b600000)]
  0x000002687eb83950 JavaThread "Unconstrained build operations Thread 118" [_thread_blocked, id=2656, stack(0x000000852b600000,0x000000852b700000)]
  0x000002687eb83440 JavaThread "Unconstrained build operations Thread 119" [_thread_blocked, id=25232, stack(0x000000852b700000,0x000000852b800000)]
  0x000002687eb857b0 JavaThread "Unconstrained build operations Thread 120" [_thread_blocked, id=17176, stack(0x000000852b800000,0x000000852b900000)]
  0x0000026874b88fa0 JavaThread "WorkerExecutor Queue Thread 4" [_thread_blocked, id=33592, stack(0x000000852b900000,0x000000852ba00000)]
  0x0000026871f96490 JavaThread "WorkerExecutor Queue Thread 5" [_thread_blocked, id=28544, stack(0x000000852bb00000,0x000000852bc00000)]
  0x0000026871f95f80 JavaThread "WorkerExecutor Queue Thread 6" [_thread_blocked, id=5288, stack(0x000000852bc00000,0x000000852bd00000)]
  0x0000026871f95050 JavaThread "WorkerExecutor Queue Thread 7" [_thread_blocked, id=6208, stack(0x000000852bd00000,0x000000852be00000)]
  0x0000026871f95560 JavaThread "WorkerExecutor Queue Thread 8" [_thread_blocked, id=15012, stack(0x000000852be00000,0x000000852bf00000)]
  0x000002687fa6ebc0 JavaThread "WorkerExecutor Queue Thread 9" [_thread_blocked, id=25840, stack(0x000000852bf00000,0x000000852c000000)]
  0x000002687fa6f0d0 JavaThread "WorkerExecutor Queue Thread 10" [_thread_blocked, id=33640, stack(0x000000852c000000,0x000000852c100000)]
  0x000002687fa6f5e0 JavaThread "WorkerExecutor Queue Thread 11" [_thread_blocked, id=29576, stack(0x000000852c100000,0x000000852c200000)]
  0x0000026873374030 JavaThread "C2 CompilerThread2" daemon [_thread_blocked, id=19108, stack(0x000000852c300000,0x000000852c400000)]

Other Threads:
=>0x0000026851f0ede0 VMThread "VM Thread" [stack: 0x000000851da00000,0x000000851db00000] [id=5312]
  0x000002682cd62df0 WatcherThread [stack: 0x000000851e600000,0x000000851e700000] [id=26580]
  0x000002682cd46df0 GCTaskThread "GC Thread#0" [stack: 0x000000851d500000,0x000000851d600000] [id=28952]
  0x00000268720fcf70 GCTaskThread "GC Thread#1" [stack: 0x000000851e900000,0x000000851ea00000] [id=28964]
  0x00000268726c4b30 GCTaskThread "GC Thread#2" [stack: 0x000000851ea00000,0x000000851eb00000] [id=32592]
  0x000002687279cb70 GCTaskThread "GC Thread#3" [stack: 0x000000851eb00000,0x000000851ec00000] [id=16048]
  0x000002687279aeb0 GCTaskThread "GC Thread#4" [stack: 0x000000851ec00000,0x000000851ed00000] [id=28916]
  0x000002687279a0f0 GCTaskThread "GC Thread#5" [stack: 0x000000851f500000,0x000000851f600000] [id=15720]
  0x000002687279a930 GCTaskThread "GC Thread#6" [stack: 0x000000851f600000,0x000000851f700000] [id=15100]
  0x000002687279abf0 GCTaskThread "GC Thread#7" [stack: 0x000000851f700000,0x000000851f800000] [id=32736]
  0x000002687279a3b0 GCTaskThread "GC Thread#8" [stack: 0x000000851f800000,0x000000851f900000] [id=31392]
  0x0000026872799b70 GCTaskThread "GC Thread#9" [stack: 0x000000851f900000,0x000000851fa00000] [id=32524]
  0x000002682cd5a940 ConcurrentGCThread "G1 Main Marker" [stack: 0x000000851d600000,0x000000851d700000] [id=30588]
  0x000002682cd5ba00 ConcurrentGCThread "G1 Conc#0" [stack: 0x000000851d700000,0x000000851d800000] [id=15484]
  0x000002687279b430 ConcurrentGCThread "G1 Conc#1" [stack: 0x0000008520400000,0x0000008520500000] [id=29168]
  0x0000026873ca7980 ConcurrentGCThread "G1 Conc#2" [stack: 0x0000008520500000,0x0000008520600000] [id=6752]
  0x000002682cd9ebd0 ConcurrentGCThread "G1 Refine#0" [stack: 0x000000851d800000,0x000000851d900000] [id=26124]
  0x0000026877e66640 ConcurrentGCThread "G1 Refine#1" [stack: 0x000000852c200000,0x000000852c300000] [id=32672]
  0x000002687ed7e7b0 ConcurrentGCThread "G1 Refine#2" [stack: 0x000000852c400000,0x000000852c500000] [id=32652]
  0x0000026851dc2600 ConcurrentGCThread "G1 Service" [stack: 0x000000851d900000,0x000000851da00000] [id=7608]

Threads with active compile tasks:
C2 CompilerThread0   258871 41945       4       com.android.tools.r8.ir.regalloc.b::c (4041 bytes)
C2 CompilerThread1   258871 42008 %     4       com.android.tools.r8.ir.regalloc.b::a @ 1545 (1831 bytes)
C2 CompilerThread2   258871 41957 %     4       com.android.tools.r8.internal.hl::a @ 494 (2961 bytes)

VM state: at safepoint (normal execution)

VM Mutex/Monitor currently owned by a thread:  ([mutex/lock_event])
[0x000002682cad03d0] Threads_lock - owner thread: 0x0000026851f0ede0
[0x000002682ccd5680] Heap_lock - owner thread: 0x0000026876ab7f90

Heap address: 0x0000000700000000, size: 4096 MB, Compressed Oops mode: Zero based, Oop shift amount: 3

CDS archive(s) mapped at: [0x0000026852000000-0x0000026852bd0000-0x0000026852bd0000), size 12386304, SharedBaseAddress: 0x0000026852000000, ArchiveRelocationMode: 1.
Compressed class space mapped at: 0x0000026853000000-0x000002686d000000, reserved size: 436207616
Narrow klass base: 0x0000026852000000, Narrow klass shift: 0, Narrow klass range: 0x100000000

GC Precious Log:
 CPUs: 12 total, 12 available
 Memory: 7539M
 Large Page Support: Disabled
 NUMA Support: Disabled
 Compressed Oops: Enabled (Zero based)
 Heap Region Size: 2M
 Heap Min Capacity: 8M
 Heap Initial Capacity: 118M
 Heap Max Capacity: 4G
 Pre-touch: Disabled
 Parallel Workers: 10
 Concurrent Workers: 3
 Concurrent Refinement Workers: 10
 Periodic GC: Disabled

Heap:
 garbage-first heap   total 2154496K, used 458246K [0x0000000700000000, 0x0000000800000000)
  region size 2048K, 8 young (16384K), 8 survivors (16384K)
 Metaspace       used 162137K, committed 163712K, reserved 622592K
  class space    used 21268K, committed 22016K, reserved 425984K

Heap Regions: E=young(eden), S=young(survivor), O=old, HS=humongous(starts), HC=humongous(continues), CS=collection set, F=free, OA=open archive, CA=closed archive, TAMS=top-at-mark-start (previous, next)
|   0|0x0000000700000000, 0x0000000700200000, 0x0000000700200000|100%|HS|  |TAMS 0x0000000700200000, 0x0000000700200000| Complete 
|   1|0x0000000700200000, 0x0000000700400000, 0x0000000700400000|100%|HC|  |TAMS 0x0000000700400000, 0x0000000700400000| Complete 
|   2|0x0000000700400000, 0x0000000700600000, 0x0000000700600000|100%| O|  |TAMS 0x0000000700600000, 0x0000000700600000| Untracked 
|   3|0x0000000700600000, 0x0000000700800000, 0x0000000700800000|100%| O|  |TAMS 0x0000000700800000, 0x0000000700800000| Untracked 
|   4|0x0000000700800000, 0x0000000700a00000, 0x0000000700a00000|100%| O|  |TAMS 0x0000000700a00000, 0x0000000700a00000| Untracked 
|   5|0x0000000700a00000, 0x0000000700c00000, 0x0000000700c00000|100%| O|  |TAMS 0x0000000700c00000, 0x0000000700c00000| Untracked 
|   6|0x0000000700c00000, 0x0000000700e00000, 0x0000000700e00000|100%| O|  |TAMS 0x0000000700e00000, 0x0000000700e00000| Untracked 
|   7|0x0000000700e00000, 0x0000000701000000, 0x0000000701000000|100%| O|  |TAMS 0x0000000701000000, 0x0000000701000000| Untracked 
|   8|0x0000000701000000, 0x0000000701200000, 0x0000000701200000|100%| O|  |TAMS 0x0000000701200000, 0x0000000701200000| Untracked 
|   9|0x0000000701200000, 0x0000000701400000, 0x0000000701400000|100%| O|  |TAMS 0x0000000701400000, 0x0000000701400000| Untracked 
|  10|0x0000000701400000, 0x0000000701600000, 0x0000000701600000|100%| O|  |TAMS 0x0000000701600000, 0x0000000701600000| Untracked 
|  11|0x0000000701600000, 0x0000000701800000, 0x0000000701800000|100%| O|  |TAMS 0x0000000701800000, 0x0000000701800000| Untracked 
|  12|0x0000000701800000, 0x0000000701a00000, 0x0000000701a00000|100%| O|  |TAMS 0x0000000701a00000, 0x0000000701a00000| Untracked 
|  13|0x0000000701a00000, 0x0000000701c00000, 0x0000000701c00000|100%| O|  |TAMS 0x0000000701c00000, 0x0000000701c00000| Untracked 
|  14|0x0000000701c00000, 0x0000000701e00000, 0x0000000701e00000|100%| O|  |TAMS 0x0000000701e00000, 0x0000000701e00000| Untracked 
|  15|0x0000000701e00000, 0x0000000702000000, 0x0000000702000000|100%|HS|  |TAMS 0x0000000702000000, 0x0000000702000000| Complete 
|  16|0x0000000702000000, 0x0000000702200000, 0x0000000702200000|100%|HS|  |TAMS 0x0000000702200000, 0x0000000702200000| Complete 
|  17|0x0000000702200000, 0x0000000702400000, 0x0000000702400000|100%| O|  |TAMS 0x0000000702400000, 0x0000000702400000| Untracked 
|  18|0x0000000702400000, 0x0000000702600000, 0x0000000702600000|100%| O|  |TAMS 0x0000000702600000, 0x0000000702600000| Untracked 
|  19|0x0000000702600000, 0x0000000702800000, 0x0000000702800000|100%| O|  |TAMS 0x0000000702800000, 0x0000000702800000| Untracked 
|  20|0x0000000702800000, 0x0000000702a00000, 0x0000000702a00000|100%| O|  |TAMS 0x0000000702a00000, 0x0000000702a00000| Untracked 
|  21|0x0000000702a00000, 0x0000000702c00000, 0x0000000702c00000|100%|HS|  |TAMS 0x0000000702c00000, 0x0000000702c00000| Complete 
|  22|0x0000000702c00000, 0x0000000702e00000, 0x0000000702e00000|100%|HC|  |TAMS 0x0000000702e00000, 0x0000000702e00000| Complete 
|  23|0x0000000702e00000, 0x0000000703000000, 0x0000000703000000|100%| O|  |TAMS 0x0000000703000000, 0x0000000703000000| Untracked 
|  24|0x0000000703000000, 0x0000000703200000, 0x0000000703200000|100%| O|  |TAMS 0x0000000703200000, 0x0000000703200000| Untracked 
|  25|0x0000000703200000, 0x0000000703400000, 0x0000000703400000|100%|HS|  |TAMS 0x0000000703400000, 0x0000000703400000| Complete 
|  26|0x0000000703400000, 0x0000000703600000, 0x0000000703600000|100%|HC|  |TAMS 0x0000000703600000, 0x0000000703600000| Complete 
|  27|0x0000000703600000, 0x0000000703800000, 0x0000000703800000|100%| O|  |TAMS 0x0000000703800000, 0x0000000703800000| Untracked 
|  28|0x0000000703800000, 0x0000000703a00000, 0x0000000703a00000|100%| O|  |TAMS 0x0000000703a00000, 0x0000000703a00000| Untracked 
|  29|0x0000000703a00000, 0x0000000703c00000, 0x0000000703c00000|100%| O|  |TAMS 0x0000000703c00000, 0x0000000703c00000| Untracked 
|  30|0x0000000703c00000, 0x0000000703e00000, 0x0000000703e00000|100%| O|  |TAMS 0x0000000703e00000, 0x0000000703e00000| Untracked 
|  31|0x0000000703e00000, 0x0000000704000000, 0x0000000704000000|100%| O|  |TAMS 0x0000000704000000, 0x0000000704000000| Untracked 
|  32|0x0000000704000000, 0x0000000704200000, 0x0000000704200000|100%| O|  |TAMS 0x0000000704200000, 0x0000000704200000| Untracked 
|  33|0x0000000704200000, 0x0000000704400000, 0x0000000704400000|100%| O|  |TAMS 0x0000000704400000, 0x0000000704400000| Untracked 
|  34|0x0000000704400000, 0x0000000704600000, 0x0000000704600000|100%| O|  |TAMS 0x0000000704600000, 0x0000000704600000| Untracked 
|  35|0x0000000704600000, 0x0000000704800000, 0x0000000704800000|100%| O|  |TAMS 0x0000000704800000, 0x0000000704800000| Untracked 
|  36|0x0000000704800000, 0x0000000704a00000, 0x0000000704a00000|100%| O|  |TAMS 0x0000000704a00000, 0x0000000704a00000| Untracked 
|  37|0x0000000704a00000, 0x0000000704c00000, 0x0000000704c00000|100%| O|  |TAMS 0x0000000704c00000, 0x0000000704c00000| Untracked 
|  38|0x0000000704c00000, 0x0000000704e00000, 0x0000000704e00000|100%| O|  |TAMS 0x0000000704e00000, 0x0000000704e00000| Untracked 
|  39|0x0000000704e00000, 0x0000000705000000, 0x0000000705000000|100%| O|  |TAMS 0x0000000705000000, 0x0000000705000000| Untracked 
|  40|0x0000000705000000, 0x0000000705200000, 0x0000000705200000|100%| O|  |TAMS 0x0000000705200000, 0x0000000705200000| Untracked 
|  41|0x0000000705200000, 0x0000000705400000, 0x0000000705400000|100%| O|  |TAMS 0x0000000705400000, 0x0000000705400000| Untracked 
|  42|0x0000000705400000, 0x0000000705600000, 0x0000000705600000|100%| O|  |TAMS 0x0000000705600000, 0x0000000705600000| Untracked 
|  43|0x0000000705600000, 0x0000000705800000, 0x0000000705800000|100%| O|  |TAMS 0x0000000705800000, 0x0000000705800000| Untracked 
|  44|0x0000000705800000, 0x0000000705a00000, 0x0000000705a00000|100%| O|  |TAMS 0x0000000705a00000, 0x0000000705a00000| Untracked 
|  45|0x0000000705a00000, 0x0000000705c00000, 0x0000000705c00000|100%| O|  |TAMS 0x0000000705c00000, 0x0000000705c00000| Untracked 
|  46|0x0000000705c00000, 0x0000000705e00000, 0x0000000705e00000|100%| O|  |TAMS 0x0000000705e00000, 0x0000000705e00000| Untracked 
|  47|0x0000000705e00000, 0x0000000705e00000, 0x0000000706000000|  0%| F|  |TAMS 0x0000000705e00000, 0x0000000705e00000| Untracked 
|  48|0x0000000706000000, 0x0000000706200000, 0x0000000706200000|100%| O|  |TAMS 0x0000000706200000, 0x0000000706200000| Untracked 
|  49|0x0000000706200000, 0x0000000706400000, 0x0000000706400000|100%|HS|  |TAMS 0x0000000706400000, 0x0000000706400000| Complete 
|  50|0x0000000706400000, 0x0000000706600000, 0x0000000706600000|100%| O|  |TAMS 0x0000000706600000, 0x0000000706600000| Untracked 
|  51|0x0000000706600000, 0x0000000706800000, 0x0000000706800000|100%| O|  |TAMS 0x0000000706800000, 0x0000000706800000| Untracked 
|  52|0x0000000706800000, 0x0000000706a00000, 0x0000000706a00000|100%| O|  |TAMS 0x0000000706a00000, 0x0000000706a00000| Untracked 
|  53|0x0000000706a00000, 0x0000000706c00000, 0x0000000706c00000|100%| O|  |TAMS 0x0000000706c00000, 0x0000000706c00000| Untracked 
|  54|0x0000000706c00000, 0x0000000706e00000, 0x0000000706e00000|100%| O|  |TAMS 0x0000000706e00000, 0x0000000706e00000| Untracked 
|  55|0x0000000706e00000, 0x0000000707000000, 0x0000000707000000|100%|HS|  |TAMS 0x0000000707000000, 0x0000000707000000| Complete 
|  56|0x0000000707000000, 0x0000000707200000, 0x0000000707200000|100%| O|  |TAMS 0x0000000707200000, 0x0000000707200000| Untracked 
|  57|0x0000000707200000, 0x0000000707400000, 0x0000000707400000|100%| O|  |TAMS 0x0000000707400000, 0x0000000707400000| Untracked 
|  58|0x0000000707400000, 0x0000000707600000, 0x0000000707600000|100%| O|  |TAMS 0x0000000707600000, 0x0000000707600000| Untracked 
|  59|0x0000000707600000, 0x0000000707800000, 0x0000000707800000|100%| O|  |TAMS 0x0000000707800000, 0x0000000707800000| Untracked 
|  60|0x0000000707800000, 0x0000000707a00000, 0x0000000707a00000|100%| O|  |TAMS 0x0000000707a00000, 0x0000000707a00000| Untracked 
|  61|0x0000000707a00000, 0x0000000707a00000, 0x0000000707c00000|  0%| F|  |TAMS 0x0000000707a00000, 0x0000000707a00000| Untracked 
|  62|0x0000000707c00000, 0x0000000707e00000, 0x0000000707e00000|100%| O|  |TAMS 0x0000000707e00000, 0x0000000707e00000| Untracked 
|  63|0x0000000707e00000, 0x0000000708000000, 0x0000000708000000|100%| O|  |TAMS 0x0000000708000000, 0x0000000708000000| Untracked 
|  64|0x0000000708000000, 0x0000000708200000, 0x0000000708200000|100%| O|  |TAMS 0x0000000708200000, 0x0000000708200000| Untracked 
|  65|0x0000000708200000, 0x0000000708400000, 0x0000000708400000|100%| O|  |TAMS 0x0000000708400000, 0x0000000708400000| Untracked 
|  66|0x0000000708400000, 0x0000000708600000, 0x0000000708600000|100%| O|  |TAMS 0x0000000708600000, 0x0000000708600000| Untracked 
|  67|0x0000000708600000, 0x0000000708800000, 0x0000000708800000|100%| O|  |TAMS 0x0000000708800000, 0x0000000708800000| Untracked 
|  68|0x0000000708800000, 0x0000000708a00000, 0x0000000708a00000|100%| O|  |TAMS 0x0000000708a00000, 0x0000000708a00000| Untracked 
|  69|0x0000000708a00000, 0x0000000708a00000, 0x0000000708c00000|  0%| F|  |TAMS 0x0000000708a00000, 0x0000000708a00000| Untracked 
|  70|0x0000000708c00000, 0x0000000708e00000, 0x0000000708e00000|100%| O|  |TAMS 0x0000000708e00000, 0x0000000708e00000| Untracked 
|  71|0x0000000708e00000, 0x0000000709000000, 0x0000000709000000|100%| O|  |TAMS 0x0000000709000000, 0x0000000709000000| Untracked 
|  72|0x0000000709000000, 0x0000000709200000, 0x0000000709200000|100%| O|  |TAMS 0x0000000709200000, 0x0000000709200000| Untracked 
|  73|0x0000000709200000, 0x0000000709400000, 0x0000000709400000|100%| O|  |TAMS 0x0000000709400000, 0x0000000709400000| Untracked 
|  74|0x0000000709400000, 0x0000000709600000, 0x0000000709600000|100%| O|  |TAMS 0x0000000709600000, 0x0000000709600000| Untracked 
|  75|0x0000000709600000, 0x0000000709800000, 0x0000000709800000|100%| O|  |TAMS 0x0000000709800000, 0x0000000709800000| Untracked 
|  76|0x0000000709800000, 0x0000000709a00000, 0x0000000709a00000|100%| O|  |TAMS 0x0000000709a00000, 0x0000000709a00000| Untracked 
|  77|0x0000000709a00000, 0x0000000709c00000, 0x0000000709c00000|100%| O|  |TAMS 0x0000000709c00000, 0x0000000709c00000| Untracked 
|  78|0x0000000709c00000, 0x0000000709e00000, 0x0000000709e00000|100%| O|  |TAMS 0x0000000709e00000, 0x0000000709e00000| Untracked 
|  79|0x0000000709e00000, 0x000000070a000000, 0x000000070a000000|100%| O|  |TAMS 0x000000070a000000, 0x000000070a000000| Untracked 
|  80|0x000000070a000000, 0x000000070a200000, 0x000000070a200000|100%| O|  |TAMS 0x000000070a200000, 0x000000070a200000| Untracked 
|  81|0x000000070a200000, 0x000000070a400000, 0x000000070a400000|100%| O|  |TAMS 0x000000070a400000, 0x000000070a400000| Untracked 
|  82|0x000000070a400000, 0x000000070a600000, 0x000000070a600000|100%| O|  |TAMS 0x000000070a600000, 0x000000070a600000| Untracked 
|  83|0x000000070a600000, 0x000000070a800000, 0x000000070a800000|100%| O|  |TAMS 0x000000070a800000, 0x000000070a800000| Untracked 
|  84|0x000000070a800000, 0x000000070aa00000, 0x000000070aa00000|100%| O|  |TAMS 0x000000070aa00000, 0x000000070aa00000| Untracked 
|  85|0x000000070aa00000, 0x000000070ac00000, 0x000000070ac00000|100%| O|  |TAMS 0x000000070ac00000, 0x000000070ac00000| Untracked 
|  86|0x000000070ac00000, 0x000000070ae00000, 0x000000070ae00000|100%| O|  |TAMS 0x000000070ae00000, 0x000000070ae00000| Untracked 
|  87|0x000000070ae00000, 0x000000070ae00000, 0x000000070b000000|  0%| F|  |TAMS 0x000000070ae00000, 0x000000070ae00000| Untracked 
|  88|0x000000070b000000, 0x000000070b200000, 0x000000070b200000|100%| O|  |TAMS 0x000000070b200000, 0x000000070b200000| Untracked 
|  89|0x000000070b200000, 0x000000070b400000, 0x000000070b400000|100%| O|  |TAMS 0x000000070b400000, 0x000000070b400000| Untracked 
|  90|0x000000070b400000, 0x000000070b600000, 0x000000070b600000|100%| O|  |TAMS 0x000000070b600000, 0x000000070b600000| Untracked 
|  91|0x000000070b600000, 0x000000070b800000, 0x000000070b800000|100%| O|  |TAMS 0x000000070b800000, 0x000000070b800000| Untracked 
|  92|0x000000070b800000, 0x000000070ba00000, 0x000000070ba00000|100%| O|  |TAMS 0x000000070ba00000, 0x000000070ba00000| Untracked 
|  93|0x000000070ba00000, 0x000000070bc00000, 0x000000070bc00000|100%| O|  |TAMS 0x000000070bc00000, 0x000000070bc00000| Untracked 
|  94|0x000000070bc00000, 0x000000070be00000, 0x000000070be00000|100%| O|  |TAMS 0x000000070be00000, 0x000000070be00000| Untracked 
|  95|0x000000070be00000, 0x000000070c000000, 0x000000070c000000|100%| O|  |TAMS 0x000000070c000000, 0x000000070c000000| Untracked 
|  96|0x000000070c000000, 0x000000070c200000, 0x000000070c200000|100%| O|  |TAMS 0x000000070c200000, 0x000000070c200000| Untracked 
|  97|0x000000070c200000, 0x000000070c400000, 0x000000070c400000|100%| O|  |TAMS 0x000000070c400000, 0x000000070c400000| Untracked 
|  98|0x000000070c400000, 0x000000070c600000, 0x000000070c600000|100%| O|  |TAMS 0x000000070c600000, 0x000000070c600000| Untracked 
|  99|0x000000070c600000, 0x000000070c800000, 0x000000070c800000|100%| O|  |TAMS 0x000000070c800000, 0x000000070c800000| Untracked 
| 100|0x000000070c800000, 0x000000070ca00000, 0x000000070ca00000|100%| O|  |TAMS 0x000000070ca00000, 0x000000070ca00000| Untracked 
| 101|0x000000070ca00000, 0x000000070cc00000, 0x000000070cc00000|100%|HS|  |TAMS 0x000000070cc00000, 0x000000070cc00000| Complete 
| 102|0x000000070cc00000, 0x000000070ce00000, 0x000000070ce00000|100%|HC|  |TAMS 0x000000070ce00000, 0x000000070ce00000| Complete 
| 103|0x000000070ce00000, 0x000000070d000000, 0x000000070d000000|100%|HC|  |TAMS 0x000000070d000000, 0x000000070d000000| Complete 
| 104|0x000000070d000000, 0x000000070d200000, 0x000000070d200000|100%|HC|  |TAMS 0x000000070d200000, 0x000000070d200000| Complete 
| 105|0x000000070d200000, 0x000000070d400000, 0x000000070d400000|100%| O|  |TAMS 0x000000070d400000, 0x000000070d400000| Untracked 
| 106|0x000000070d400000, 0x000000070d600000, 0x000000070d600000|100%| O|  |TAMS 0x000000070d600000, 0x000000070d600000| Untracked 
| 107|0x000000070d600000, 0x000000070d800000, 0x000000070d800000|100%| O|  |TAMS 0x000000070d800000, 0x000000070d800000| Untracked 
| 108|0x000000070d800000, 0x000000070da00000, 0x000000070da00000|100%|HS|  |TAMS 0x000000070da00000, 0x000000070da00000| Complete 
| 109|0x000000070da00000, 0x000000070dc00000, 0x000000070dc00000|100%| O|  |TAMS 0x000000070dc00000, 0x000000070dc00000| Untracked 
| 110|0x000000070dc00000, 0x000000070de00000, 0x000000070de00000|100%| O|  |TAMS 0x000000070de00000, 0x000000070de00000| Untracked 
| 111|0x000000070de00000, 0x000000070e000000, 0x000000070e000000|100%| O|  |TAMS 0x000000070e000000, 0x000000070e000000| Untracked 
| 112|0x000000070e000000, 0x000000070e200000, 0x000000070e200000|100%| O|  |TAMS 0x000000070e200000, 0x000000070e200000| Untracked 
| 113|0x000000070e200000, 0x000000070e400000, 0x000000070e400000|100%| O|  |TAMS 0x000000070e400000, 0x000000070e400000| Untracked 
| 114|0x000000070e400000, 0x000000070e600000, 0x000000070e600000|100%| O|  |TAMS 0x000000070e600000, 0x000000070e600000| Untracked 
| 115|0x000000070e600000, 0x000000070e800000, 0x000000070e800000|100%| O|  |TAMS 0x000000070e800000, 0x000000070e800000| Untracked 
| 116|0x000000070e800000, 0x000000070ea00000, 0x000000070ea00000|100%| O|  |TAMS 0x000000070ea00000, 0x000000070ea00000| Untracked 
| 117|0x000000070ea00000, 0x000000070ec00000, 0x000000070ec00000|100%| O|  |TAMS 0x000000070ec00000, 0x000000070ec00000| Untracked 
| 118|0x000000070ec00000, 0x000000070ec00000, 0x000000070ee00000|  0%| F|  |TAMS 0x000000070ec00000, 0x000000070ec00000| Untracked 
| 119|0x000000070ee00000, 0x000000070f000000, 0x000000070f000000|100%| O|  |TAMS 0x000000070ee00000, 0x000000070f000000| Untracked 
| 120|0x000000070f000000, 0x000000070f200000, 0x000000070f200000|100%| O|  |TAMS 0x000000070f000000, 0x000000070f200000| Untracked 
| 121|0x000000070f200000, 0x000000070f400000, 0x000000070f400000|100%| O|  |TAMS 0x000000070f200000, 0x000000070f400000| Untracked 
| 122|0x000000070f400000, 0x000000070f600000, 0x000000070f600000|100%| O|  |TAMS 0x000000070f400000, 0x000000070f600000| Untracked 
| 123|0x000000070f600000, 0x000000070f800000, 0x000000070f800000|100%| O|  |TAMS 0x000000070f600000, 0x000000070f800000| Untracked 
| 124|0x000000070f800000, 0x000000070f800000, 0x000000070fa00000|  0%| F|  |TAMS 0x000000070f800000, 0x000000070f800000| Untracked 
| 125|0x000000070fa00000, 0x000000070fc00000, 0x000000070fc00000|100%| O|  |TAMS 0x000000070fc00000, 0x000000070fc00000| Untracked 
| 126|0x000000070fc00000, 0x000000070fe00000, 0x000000070fe00000|100%| O|  |TAMS 0x000000070fc00000, 0x000000070fe00000| Untracked 
| 127|0x000000070fe00000, 0x000000070fe00000, 0x0000000710000000|  0%| F|  |TAMS 0x000000070fe00000, 0x000000070fe00000| Untracked 
| 128|0x0000000710000000, 0x0000000710000000, 0x0000000710200000|  0%| F|  |TAMS 0x0000000710000000, 0x0000000710000000| Untracked 
| 129|0x0000000710200000, 0x0000000710400000, 0x0000000710400000|100%| O|  |TAMS 0x0000000710400000, 0x0000000710400000| Untracked 
| 130|0x0000000710400000, 0x0000000710600000, 0x0000000710600000|100%| O|  |TAMS 0x0000000710600000, 0x0000000710600000| Untracked 
| 131|0x0000000710600000, 0x0000000710800000, 0x0000000710800000|100%| O|  |TAMS 0x0000000710800000, 0x0000000710800000| Untracked 
| 132|0x0000000710800000, 0x0000000710a00000, 0x0000000710a00000|100%| O|  |TAMS 0x0000000710a00000, 0x0000000710a00000| Untracked 
| 133|0x0000000710a00000, 0x0000000710c00000, 0x0000000710c00000|100%| O|  |TAMS 0x0000000710c00000, 0x0000000710c00000| Untracked 
| 134|0x0000000710c00000, 0x0000000710e00000, 0x0000000710e00000|100%| O|  |TAMS 0x0000000710e00000, 0x0000000710e00000| Untracked 
| 135|0x0000000710e00000, 0x0000000711000000, 0x0000000711000000|100%| O|  |TAMS 0x0000000711000000, 0x0000000711000000| Untracked 
| 136|0x0000000711000000, 0x0000000711000000, 0x0000000711200000|  0%| F|  |TAMS 0x0000000711000000, 0x0000000711000000| Untracked 
| 137|0x0000000711200000, 0x0000000711400000, 0x0000000711400000|100%| O|  |TAMS 0x0000000711400000, 0x0000000711400000| Untracked 
| 138|0x0000000711400000, 0x0000000711600000, 0x0000000711600000|100%| O|  |TAMS 0x0000000711600000, 0x0000000711600000| Untracked 
| 139|0x0000000711600000, 0x0000000711800000, 0x0000000711800000|100%| O|  |TAMS 0x0000000711800000, 0x0000000711800000| Untracked 
| 140|0x0000000711800000, 0x0000000711a00000, 0x0000000711a00000|100%| O|  |TAMS 0x0000000711800000, 0x0000000711a00000| Untracked 
| 141|0x0000000711a00000, 0x0000000711c00000, 0x0000000711c00000|100%| O|  |TAMS 0x0000000711c00000, 0x0000000711c00000| Untracked 
| 142|0x0000000711c00000, 0x0000000711e00000, 0x0000000711e00000|100%| O|  |TAMS 0x0000000711e00000, 0x0000000711e00000| Untracked 
| 143|0x0000000711e00000, 0x0000000712000000, 0x0000000712000000|100%| O|  |TAMS 0x0000000712000000, 0x0000000712000000| Untracked 
| 144|0x0000000712000000, 0x0000000712200000, 0x0000000712200000|100%| O|  |TAMS 0x0000000712200000, 0x0000000712200000| Untracked 
| 145|0x0000000712200000, 0x0000000712400000, 0x0000000712400000|100%| O|  |TAMS 0x0000000712400000, 0x0000000712400000| Untracked 
| 146|0x0000000712400000, 0x0000000712600000, 0x0000000712600000|100%| O|  |TAMS 0x0000000712600000, 0x0000000712600000| Untracked 
| 147|0x0000000712600000, 0x0000000712800000, 0x0000000712800000|100%| O|  |TAMS 0x0000000712800000, 0x0000000712800000| Untracked 
| 148|0x0000000712800000, 0x0000000712a00000, 0x0000000712a00000|100%| O|  |TAMS 0x0000000712a00000, 0x0000000712a00000| Untracked 
| 149|0x0000000712a00000, 0x0000000712c00000, 0x0000000712c00000|100%| O|  |TAMS 0x0000000712c00000, 0x0000000712c00000| Untracked 
| 150|0x0000000712c00000, 0x0000000712e00000, 0x0000000712e00000|100%| O|  |TAMS 0x0000000712e00000, 0x0000000712e00000| Untracked 
| 151|0x0000000712e00000, 0x0000000712e00000, 0x0000000713000000|  0%| F|  |TAMS 0x0000000712e00000, 0x0000000712e00000| Untracked 
| 152|0x0000000713000000, 0x0000000713200000, 0x0000000713200000|100%| O|  |TAMS 0x0000000713200000, 0x0000000713200000| Untracked 
| 153|0x0000000713200000, 0x0000000713400000, 0x0000000713400000|100%| O|  |TAMS 0x0000000713400000, 0x0000000713400000| Untracked 
| 154|0x0000000713400000, 0x0000000713600000, 0x0000000713600000|100%| O|  |TAMS 0x0000000713600000, 0x0000000713600000| Untracked 
| 155|0x0000000713600000, 0x0000000713800000, 0x0000000713800000|100%| O|  |TAMS 0x0000000713800000, 0x0000000713800000| Untracked 
| 156|0x0000000713800000, 0x0000000713a00000, 0x0000000713a00000|100%| O|  |TAMS 0x0000000713a00000, 0x0000000713a00000| Untracked 
| 157|0x0000000713a00000, 0x0000000713c00000, 0x0000000713c00000|100%| O|  |TAMS 0x0000000713c00000, 0x0000000713c00000| Untracked 
| 158|0x0000000713c00000, 0x0000000713e00000, 0x0000000713e00000|100%| O|  |TAMS 0x0000000713e00000, 0x0000000713e00000| Untracked 
| 159|0x0000000713e00000, 0x0000000714000000, 0x0000000714000000|100%| O|  |TAMS 0x0000000713e00000, 0x0000000714000000| Untracked 
| 160|0x0000000714000000, 0x0000000714200000, 0x0000000714200000|100%| O|  |TAMS 0x0000000714200000, 0x0000000714200000| Untracked 
| 161|0x0000000714200000, 0x0000000714400000, 0x0000000714400000|100%| O|  |TAMS 0x0000000714400000, 0x0000000714400000| Untracked 
| 162|0x0000000714400000, 0x0000000714600000, 0x0000000714600000|100%| O|  |TAMS 0x0000000714600000, 0x0000000714600000| Untracked 
| 163|0x0000000714600000, 0x0000000714800000, 0x0000000714800000|100%| O|  |TAMS 0x0000000714800000, 0x0000000714800000| Untracked 
| 164|0x0000000714800000, 0x0000000714a00000, 0x0000000714a00000|100%| O|  |TAMS 0x0000000714a00000, 0x0000000714a00000| Untracked 
| 165|0x0000000714a00000, 0x0000000714c00000, 0x0000000714c00000|100%| O|  |TAMS 0x0000000714c00000, 0x0000000714c00000| Untracked 
| 166|0x0000000714c00000, 0x0000000714e00000, 0x0000000714e00000|100%| O|  |TAMS 0x0000000714e00000, 0x0000000714e00000| Untracked 
| 167|0x0000000714e00000, 0x0000000715000000, 0x0000000715000000|100%| O|  |TAMS 0x0000000715000000, 0x0000000715000000| Untracked 
| 168|0x0000000715000000, 0x0000000715200000, 0x0000000715200000|100%| O|  |TAMS 0x0000000715200000, 0x0000000715200000| Untracked 
| 169|0x0000000715200000, 0x0000000715200000, 0x0000000715400000|  0%| F|  |TAMS 0x0000000715200000, 0x0000000715200000| Untracked 
| 170|0x0000000715400000, 0x0000000715600000, 0x0000000715600000|100%| O|  |TAMS 0x0000000715600000, 0x0000000715600000| Untracked 
| 171|0x0000000715600000, 0x0000000715800000, 0x0000000715800000|100%| O|  |TAMS 0x0000000715800000, 0x0000000715800000| Untracked 
| 172|0x0000000715800000, 0x0000000715a00000, 0x0000000715a00000|100%| O|  |TAMS 0x0000000715a00000, 0x0000000715a00000| Untracked 
| 173|0x0000000715a00000, 0x0000000715c00000, 0x0000000715c00000|100%| O|  |TAMS 0x0000000715c00000, 0x0000000715c00000| Untracked 
| 174|0x0000000715c00000, 0x0000000715e00000, 0x0000000715e00000|100%| O|  |TAMS 0x0000000715e00000, 0x0000000715e00000| Untracked 
| 175|0x0000000715e00000, 0x0000000716000000, 0x0000000716000000|100%| O|  |TAMS 0x0000000716000000, 0x0000000716000000| Untracked 
| 176|0x0000000716000000, 0x0000000716000000, 0x0000000716200000|  0%| F|  |TAMS 0x0000000716000000, 0x0000000716000000| Untracked 
| 177|0x0000000716200000, 0x0000000716400000, 0x0000000716400000|100%| O|  |TAMS 0x0000000716200000, 0x0000000716400000| Untracked 
| 178|0x0000000716400000, 0x0000000716600000, 0x0000000716600000|100%| O|  |TAMS 0x0000000716400000, 0x0000000716600000| Untracked 
| 179|0x0000000716600000, 0x0000000716800000, 0x0000000716800000|100%| O|  |TAMS 0x0000000716800000, 0x0000000716800000| Untracked 
| 180|0x0000000716800000, 0x0000000716a00000, 0x0000000716a00000|100%| O|  |TAMS 0x0000000716a00000, 0x0000000716a00000| Untracked 
| 181|0x0000000716a00000, 0x0000000716c00000, 0x0000000716c00000|100%| O|  |TAMS 0x0000000716c00000, 0x0000000716c00000| Untracked 
| 182|0x0000000716c00000, 0x0000000716e00000, 0x0000000716e00000|100%| O|  |TAMS 0x0000000716e00000, 0x0000000716e00000| Untracked 
| 183|0x0000000716e00000, 0x0000000717000000, 0x0000000717000000|100%| O|  |TAMS 0x0000000717000000, 0x0000000717000000| Untracked 
| 184|0x0000000717000000, 0x0000000717200000, 0x0000000717200000|100%| O|  |TAMS 0x0000000717200000, 0x0000000717200000| Untracked 
| 185|0x0000000717200000, 0x0000000717400000, 0x0000000717400000|100%| O|  |TAMS 0x0000000717400000, 0x0000000717400000| Untracked 
| 186|0x0000000717400000, 0x0000000717600000, 0x0000000717600000|100%| O|  |TAMS 0x0000000717600000, 0x0000000717600000| Untracked 
| 187|0x0000000717600000, 0x0000000717800000, 0x0000000717800000|100%| O|  |TAMS 0x0000000717800000, 0x0000000717800000| Untracked 
| 188|0x0000000717800000, 0x0000000717a00000, 0x0000000717a00000|100%| O|  |TAMS 0x0000000717a00000, 0x0000000717a00000| Untracked 
| 189|0x0000000717a00000, 0x0000000717c00000, 0x0000000717c00000|100%| O|  |TAMS 0x0000000717c00000, 0x0000000717c00000| Untracked 
| 190|0x0000000717c00000, 0x0000000717e00000, 0x0000000717e00000|100%| O|  |TAMS 0x0000000717e00000, 0x0000000717e00000| Untracked 
| 191|0x0000000717e00000, 0x0000000718000000, 0x0000000718000000|100%| O|  |TAMS 0x0000000718000000, 0x0000000718000000| Untracked 
| 192|0x0000000718000000, 0x0000000718200000, 0x0000000718200000|100%| O|  |TAMS 0x0000000718200000, 0x0000000718200000| Untracked 
| 193|0x0000000718200000, 0x0000000718400000, 0x0000000718400000|100%| O|  |TAMS 0x0000000718400000, 0x0000000718400000| Untracked 
| 194|0x0000000718400000, 0x0000000718600000, 0x0000000718600000|100%| O|  |TAMS 0x0000000718600000, 0x0000000718600000| Untracked 
| 195|0x0000000718600000, 0x0000000718800000, 0x0000000718800000|100%| O|  |TAMS 0x0000000718800000, 0x0000000718800000| Untracked 
| 196|0x0000000718800000, 0x0000000718a00000, 0x0000000718a00000|100%| O|  |TAMS 0x0000000718a00000, 0x0000000718a00000| Untracked 
| 197|0x0000000718a00000, 0x0000000718c00000, 0x0000000718c00000|100%| O|  |TAMS 0x0000000718c00000, 0x0000000718c00000| Untracked 
| 198|0x0000000718c00000, 0x0000000718e00000, 0x0000000718e00000|100%| O|  |TAMS 0x0000000718e00000, 0x0000000718e00000| Untracked 
| 199|0x0000000718e00000, 0x0000000719000000, 0x0000000719000000|100%| O|  |TAMS 0x0000000719000000, 0x0000000719000000| Untracked 
| 200|0x0000000719000000, 0x0000000719200000, 0x0000000719200000|100%| O|  |TAMS 0x0000000719200000, 0x0000000719200000| Untracked 
| 201|0x0000000719200000, 0x0000000719400000, 0x0000000719400000|100%| O|  |TAMS 0x0000000719400000, 0x0000000719400000| Untracked 
| 202|0x0000000719400000, 0x0000000719600000, 0x0000000719600000|100%| O|  |TAMS 0x0000000719600000, 0x0000000719600000| Untracked 
| 203|0x0000000719600000, 0x0000000719800000, 0x0000000719800000|100%| O|  |TAMS 0x0000000719800000, 0x0000000719800000| Untracked 
| 204|0x0000000719800000, 0x0000000719a00000, 0x0000000719a00000|100%| O|  |TAMS 0x0000000719a00000, 0x0000000719a00000| Untracked 
| 205|0x0000000719a00000, 0x0000000719c00000, 0x0000000719c00000|100%| O|  |TAMS 0x0000000719c00000, 0x0000000719c00000| Untracked 
| 206|0x0000000719c00000, 0x0000000719e00000, 0x0000000719e00000|100%| O|  |TAMS 0x0000000719e00000, 0x0000000719e00000| Untracked 
| 207|0x0000000719e00000, 0x000000071a000000, 0x000000071a000000|100%| O|  |TAMS 0x000000071a000000, 0x000000071a000000| Untracked 
| 208|0x000000071a000000, 0x000000071a200000, 0x000000071a200000|100%| O|  |TAMS 0x000000071a200000, 0x000000071a200000| Untracked 
| 209|0x000000071a200000, 0x000000071a400000, 0x000000071a400000|100%| O|  |TAMS 0x000000071a400000, 0x000000071a400000| Untracked 
| 210|0x000000071a400000, 0x000000071a600000, 0x000000071a600000|100%| O|  |TAMS 0x000000071a600000, 0x000000071a600000| Untracked 
| 211|0x000000071a600000, 0x000000071a600000, 0x000000071a800000|  0%| F|  |TAMS 0x000000071a600000, 0x000000071a600000| Untracked 
| 212|0x000000071a800000, 0x000000071a800000, 0x000000071aa00000|  0%| F|  |TAMS 0x000000071a800000, 0x000000071a800000| Untracked 
| 213|0x000000071aa00000, 0x000000071ac00000, 0x000000071ac00000|100%| O|  |TAMS 0x000000071abd3800, 0x000000071ac00000| Untracked 
| 214|0x000000071ac00000, 0x000000071ae00000, 0x000000071ae00000|100%| O|  |TAMS 0x000000071ac00000, 0x000000071ae00000| Untracked 
| 215|0x000000071ae00000, 0x000000071b000000, 0x000000071b000000|100%| O|  |TAMS 0x000000071ae00000, 0x000000071b000000| Untracked 
| 216|0x000000071b000000, 0x000000071b200000, 0x000000071b200000|100%| O|  |TAMS 0x000000071b000000, 0x000000071b200000| Untracked 
| 217|0x000000071b200000, 0x000000071b400000, 0x000000071b400000|100%| O|  |TAMS 0x000000071b200000, 0x000000071b400000| Untracked 
| 218|0x000000071b400000, 0x000000071b600000, 0x000000071b600000|100%| O|  |TAMS 0x000000071b400000, 0x000000071b600000| Untracked 
| 219|0x000000071b600000, 0x000000071b800000, 0x000000071b800000|100%| O|  |TAMS 0x000000071b600000, 0x000000071b800000| Untracked 
| 220|0x000000071b800000, 0x000000071ba00000, 0x000000071ba00000|100%| O|  |TAMS 0x000000071b800000, 0x000000071ba00000| Untracked 
| 221|0x000000071ba00000, 0x000000071bc00000, 0x000000071bc00000|100%| O|  |TAMS 0x000000071ba00000, 0x000000071bc00000| Untracked 
| 222|0x000000071bc00000, 0x000000071be00000, 0x000000071be00000|100%| O|  |TAMS 0x000000071bc00000, 0x000000071be00000| Untracked 
| 223|0x000000071be00000, 0x000000071c000000, 0x000000071c000000|100%| O|  |TAMS 0x000000071be00000, 0x000000071c000000| Untracked 
| 224|0x000000071c000000, 0x000000071c200000, 0x000000071c200000|100%| O|  |TAMS 0x000000071c000000, 0x000000071c200000| Untracked 
| 225|0x000000071c200000, 0x000000071c400000, 0x000000071c400000|100%| O|  |TAMS 0x000000071c200000, 0x000000071c400000| Untracked 
| 226|0x000000071c400000, 0x000000071c600000, 0x000000071c600000|100%| O|  |TAMS 0x000000071c400000, 0x000000071c600000| Untracked 
| 227|0x000000071c600000, 0x000000071c800000, 0x000000071c800000|100%| O|  |TAMS 0x000000071c600000, 0x000000071c800000| Untracked 
| 228|0x000000071c800000, 0x000000071ca00000, 0x000000071ca00000|100%| O|  |TAMS 0x000000071c800000, 0x000000071ca00000| Untracked 
| 229|0x000000071ca00000, 0x000000071cc00000, 0x000000071cc00000|100%| O|  |TAMS 0x000000071ca00000, 0x000000071cc00000| Untracked 
| 230|0x000000071cc00000, 0x000000071ccade00, 0x000000071ce00000| 33%| O|  |TAMS 0x000000071cc00000, 0x000000071ccade00| Untracked 
| 231|0x000000071ce00000, 0x000000071ce00000, 0x000000071d000000|  0%| F|  |TAMS 0x000000071ce00000, 0x000000071ce00000| Untracked 
| 232|0x000000071d000000, 0x000000071d000000, 0x000000071d200000|  0%| F|  |TAMS 0x000000071d000000, 0x000000071d000000| Untracked 
| 233|0x000000071d200000, 0x000000071d200000, 0x000000071d400000|  0%| F|  |TAMS 0x000000071d200000, 0x000000071d200000| Untracked 
| 234|0x000000071d400000, 0x000000071d400000, 0x000000071d600000|  0%| F|  |TAMS 0x000000071d400000, 0x000000071d400000| Untracked 
| 235|0x000000071d600000, 0x000000071d600000, 0x000000071d800000|  0%| F|  |TAMS 0x000000071d600000, 0x000000071d600000| Untracked 
| 236|0x000000071d800000, 0x000000071d800000, 0x000000071da00000|  0%| F|  |TAMS 0x000000071d800000, 0x000000071d800000| Untracked 
| 237|0x000000071da00000, 0x000000071da00000, 0x000000071dc00000|  0%| F|  |TAMS 0x000000071da00000, 0x000000071da00000| Untracked 
| 238|0x000000071dc00000, 0x000000071dc00000, 0x000000071de00000|  0%| F|  |TAMS 0x000000071dc00000, 0x000000071dc00000| Untracked 
| 239|0x000000071de00000, 0x000000071de00000, 0x000000071e000000|  0%| F|  |TAMS 0x000000071de00000, 0x000000071de00000| Untracked 
| 240|0x000000071e000000, 0x000000071e000000, 0x000000071e200000|  0%| F|  |TAMS 0x000000071e000000, 0x000000071e000000| Untracked 
| 241|0x000000071e200000, 0x000000071e200000, 0x000000071e400000|  0%| F|  |TAMS 0x000000071e200000, 0x000000071e200000| Untracked 
| 242|0x000000071e400000, 0x000000071e400000, 0x000000071e600000|  0%| F|  |TAMS 0x000000071e400000, 0x000000071e400000| Untracked 
| 243|0x000000071e600000, 0x000000071e600000, 0x000000071e800000|  0%| F|  |TAMS 0x000000071e600000, 0x000000071e600000| Untracked 
| 244|0x000000071e800000, 0x000000071e800000, 0x000000071ea00000|  0%| F|  |TAMS 0x000000071e800000, 0x000000071e800000| Untracked 
| 245|0x000000071ea00000, 0x000000071ea00000, 0x000000071ec00000|  0%| F|  |TAMS 0x000000071ea00000, 0x000000071ea00000| Untracked 
| 246|0x000000071ec00000, 0x000000071ec00000, 0x000000071ee00000|  0%| F|  |TAMS 0x000000071ec00000, 0x000000071ec00000| Untracked 
| 247|0x000000071ee00000, 0x000000071ee00000, 0x000000071f000000|  0%| F|  |TAMS 0x000000071ee00000, 0x000000071ee00000| Untracked 
| 248|0x000000071f000000, 0x000000071f000000, 0x000000071f200000|  0%| F|  |TAMS 0x000000071f000000, 0x000000071f000000| Untracked 
| 249|0x000000071f200000, 0x000000071f200000, 0x000000071f400000|  0%| F|  |TAMS 0x000000071f200000, 0x000000071f200000| Untracked 
| 250|0x000000071f400000, 0x000000071f400000, 0x000000071f600000|  0%| F|  |TAMS 0x000000071f400000, 0x000000071f400000| Untracked 
| 251|0x000000071f600000, 0x000000071f600000, 0x000000071f800000|  0%| F|  |TAMS 0x000000071f600000, 0x000000071f600000| Untracked 
| 252|0x000000071f800000, 0x000000071f800000, 0x000000071fa00000|  0%| F|  |TAMS 0x000000071f800000, 0x000000071f800000| Untracked 
| 253|0x000000071fa00000, 0x000000071fa00000, 0x000000071fc00000|  0%| F|  |TAMS 0x000000071fa00000, 0x000000071fa00000| Untracked 
| 254|0x000000071fc00000, 0x000000071fc00000, 0x000000071fe00000|  0%| F|  |TAMS 0x000000071fc00000, 0x000000071fc00000| Untracked 
| 255|0x000000071fe00000, 0x000000071fe00000, 0x0000000720000000|  0%| F|  |TAMS 0x000000071fe00000, 0x000000071fe00000| Untracked 
| 256|0x0000000720000000, 0x0000000720000000, 0x0000000720200000|  0%| F|  |TAMS 0x0000000720000000, 0x0000000720000000| Untracked 
| 257|0x0000000720200000, 0x0000000720200000, 0x0000000720400000|  0%| F|  |TAMS 0x0000000720200000, 0x0000000720200000| Untracked 
| 258|0x0000000720400000, 0x0000000720400000, 0x0000000720600000|  0%| F|  |TAMS 0x0000000720400000, 0x0000000720400000| Untracked 
| 259|0x0000000720600000, 0x0000000720600000, 0x0000000720800000|  0%| F|  |TAMS 0x0000000720600000, 0x0000000720600000| Untracked 
| 260|0x0000000720800000, 0x0000000720800000, 0x0000000720a00000|  0%| F|  |TAMS 0x0000000720800000, 0x0000000720800000| Untracked 
| 261|0x0000000720a00000, 0x0000000720a00000, 0x0000000720c00000|  0%| F|  |TAMS 0x0000000720a00000, 0x0000000720a00000| Untracked 
| 262|0x0000000720c00000, 0x0000000720c00000, 0x0000000720e00000|  0%| F|  |TAMS 0x0000000720c00000, 0x0000000720c00000| Untracked 
| 263|0x0000000720e00000, 0x0000000720e00000, 0x0000000721000000|  0%| F|  |TAMS 0x0000000720e00000, 0x0000000720e00000| Untracked 
| 264|0x0000000721000000, 0x0000000721000000, 0x0000000721200000|  0%| F|  |TAMS 0x0000000721000000, 0x0000000721000000| Untracked 
| 265|0x0000000721200000, 0x0000000721200000, 0x0000000721400000|  0%| F|  |TAMS 0x0000000721200000, 0x0000000721200000| Untracked 
| 266|0x0000000721400000, 0x0000000721400000, 0x0000000721600000|  0%| F|  |TAMS 0x0000000721400000, 0x0000000721400000| Untracked 
| 267|0x0000000721600000, 0x0000000721600000, 0x0000000721800000|  0%| F|  |TAMS 0x0000000721600000, 0x0000000721600000| Untracked 
| 268|0x0000000721800000, 0x0000000721800000, 0x0000000721a00000|  0%| F|  |TAMS 0x0000000721800000, 0x0000000721800000| Untracked 
| 269|0x0000000721a00000, 0x0000000721a00000, 0x0000000721c00000|  0%| F|  |TAMS 0x0000000721a00000, 0x0000000721a00000| Untracked 
| 270|0x0000000721c00000, 0x0000000721c00000, 0x0000000721e00000|  0%| F|  |TAMS 0x0000000721c00000, 0x0000000721c00000| Untracked 
| 271|0x0000000721e00000, 0x0000000721e00000, 0x0000000722000000|  0%| F|  |TAMS 0x0000000721e00000, 0x0000000721e00000| Untracked 
| 272|0x0000000722000000, 0x0000000722000000, 0x0000000722200000|  0%| F|  |TAMS 0x0000000722000000, 0x0000000722000000| Untracked 
| 273|0x0000000722200000, 0x0000000722200000, 0x0000000722400000|  0%| F|  |TAMS 0x0000000722200000, 0x0000000722200000| Untracked 
| 274|0x0000000722400000, 0x0000000722400000, 0x0000000722600000|  0%| F|  |TAMS 0x0000000722400000, 0x0000000722400000| Untracked 
| 275|0x0000000722600000, 0x0000000722600000, 0x0000000722800000|  0%| F|  |TAMS 0x0000000722600000, 0x0000000722600000| Untracked 
| 276|0x0000000722800000, 0x0000000722800000, 0x0000000722a00000|  0%| F|  |TAMS 0x0000000722800000, 0x0000000722800000| Untracked 
| 277|0x0000000722a00000, 0x0000000722a00000, 0x0000000722c00000|  0%| F|  |TAMS 0x0000000722a00000, 0x0000000722a00000| Untracked 
| 278|0x0000000722c00000, 0x0000000722c00000, 0x0000000722e00000|  0%| F|  |TAMS 0x0000000722c00000, 0x0000000722c00000| Untracked 
| 279|0x0000000722e00000, 0x0000000722e00000, 0x0000000723000000|  0%| F|  |TAMS 0x0000000722e00000, 0x0000000722e00000| Untracked 
| 280|0x0000000723000000, 0x0000000723000000, 0x0000000723200000|  0%| F|  |TAMS 0x0000000723000000, 0x0000000723000000| Untracked 
| 281|0x0000000723200000, 0x0000000723200000, 0x0000000723400000|  0%| F|  |TAMS 0x0000000723200000, 0x0000000723200000| Untracked 
| 282|0x0000000723400000, 0x0000000723400000, 0x0000000723600000|  0%| F|  |TAMS 0x0000000723400000, 0x0000000723400000| Untracked 
| 283|0x0000000723600000, 0x0000000723600000, 0x0000000723800000|  0%| F|  |TAMS 0x0000000723600000, 0x0000000723600000| Untracked 
| 284|0x0000000723800000, 0x0000000723800000, 0x0000000723a00000|  0%| F|  |TAMS 0x0000000723800000, 0x0000000723800000| Untracked 
| 285|0x0000000723a00000, 0x0000000723a00000, 0x0000000723c00000|  0%| F|  |TAMS 0x0000000723a00000, 0x0000000723a00000| Untracked 
| 286|0x0000000723c00000, 0x0000000723c00000, 0x0000000723e00000|  0%| F|  |TAMS 0x0000000723c00000, 0x0000000723c00000| Untracked 
| 287|0x0000000723e00000, 0x0000000723e00000, 0x0000000724000000|  0%| F|  |TAMS 0x0000000723e00000, 0x0000000723e00000| Untracked 
| 288|0x0000000724000000, 0x0000000724000000, 0x0000000724200000|  0%| F|  |TAMS 0x0000000724000000, 0x0000000724000000| Untracked 
| 289|0x0000000724200000, 0x0000000724200000, 0x0000000724400000|  0%| F|  |TAMS 0x0000000724200000, 0x0000000724200000| Untracked 
| 290|0x0000000724400000, 0x0000000724400000, 0x0000000724600000|  0%| F|  |TAMS 0x0000000724400000, 0x0000000724400000| Untracked 
| 291|0x0000000724600000, 0x0000000724600000, 0x0000000724800000|  0%| F|  |TAMS 0x0000000724600000, 0x0000000724600000| Untracked 
| 292|0x0000000724800000, 0x0000000724800000, 0x0000000724a00000|  0%| F|  |TAMS 0x0000000724800000, 0x0000000724800000| Untracked 
| 293|0x0000000724a00000, 0x0000000724a00000, 0x0000000724c00000|  0%| F|  |TAMS 0x0000000724a00000, 0x0000000724a00000| Untracked 
| 294|0x0000000724c00000, 0x0000000724c00000, 0x0000000724e00000|  0%| F|  |TAMS 0x0000000724c00000, 0x0000000724c00000| Untracked 
| 295|0x0000000724e00000, 0x0000000724e00000, 0x0000000725000000|  0%| F|  |TAMS 0x0000000724e00000, 0x0000000724e00000| Untracked 
| 296|0x0000000725000000, 0x0000000725000000, 0x0000000725200000|  0%| F|  |TAMS 0x0000000725000000, 0x0000000725000000| Untracked 
| 297|0x0000000725200000, 0x0000000725200000, 0x0000000725400000|  0%| F|  |TAMS 0x0000000725200000, 0x0000000725200000| Untracked 
| 298|0x0000000725400000, 0x0000000725400000, 0x0000000725600000|  0%| F|  |TAMS 0x0000000725400000, 0x0000000725400000| Untracked 
| 299|0x0000000725600000, 0x0000000725600000, 0x0000000725800000|  0%| F|  |TAMS 0x0000000725600000, 0x0000000725600000| Untracked 
| 300|0x0000000725800000, 0x0000000725800000, 0x0000000725a00000|  0%| F|  |TAMS 0x0000000725800000, 0x0000000725800000| Untracked 
| 301|0x0000000725a00000, 0x0000000725a00000, 0x0000000725c00000|  0%| F|  |TAMS 0x0000000725a00000, 0x0000000725a00000| Untracked 
| 302|0x0000000725c00000, 0x0000000725c00000, 0x0000000725e00000|  0%| F|  |TAMS 0x0000000725c00000, 0x0000000725c00000| Untracked 
| 303|0x0000000725e00000, 0x0000000725e00000, 0x0000000726000000|  0%| F|  |TAMS 0x0000000725e00000, 0x0000000725e00000| Untracked 
| 304|0x0000000726000000, 0x0000000726000000, 0x0000000726200000|  0%| F|  |TAMS 0x0000000726000000, 0x0000000726000000| Untracked 
| 305|0x0000000726200000, 0x0000000726200000, 0x0000000726400000|  0%| F|  |TAMS 0x0000000726200000, 0x0000000726200000| Untracked 
| 306|0x0000000726400000, 0x0000000726400000, 0x0000000726600000|  0%| F|  |TAMS 0x0000000726400000, 0x0000000726400000| Untracked 
| 307|0x0000000726600000, 0x0000000726600000, 0x0000000726800000|  0%| F|  |TAMS 0x0000000726600000, 0x0000000726600000| Untracked 
| 308|0x0000000726800000, 0x0000000726800000, 0x0000000726a00000|  0%| F|  |TAMS 0x0000000726800000, 0x0000000726800000| Untracked 
| 309|0x0000000726a00000, 0x0000000726a00000, 0x0000000726c00000|  0%| F|  |TAMS 0x0000000726a00000, 0x0000000726a00000| Untracked 
| 310|0x0000000726c00000, 0x0000000726c00000, 0x0000000726e00000|  0%| F|  |TAMS 0x0000000726c00000, 0x0000000726c00000| Untracked 
| 311|0x0000000726e00000, 0x0000000726e00000, 0x0000000727000000|  0%| F|  |TAMS 0x0000000726e00000, 0x0000000726e00000| Untracked 
| 312|0x0000000727000000, 0x0000000727000000, 0x0000000727200000|  0%| F|  |TAMS 0x0000000727000000, 0x0000000727000000| Untracked 
| 313|0x0000000727200000, 0x0000000727200000, 0x0000000727400000|  0%| F|  |TAMS 0x0000000727200000, 0x0000000727200000| Untracked 
| 314|0x0000000727400000, 0x0000000727400000, 0x0000000727600000|  0%| F|  |TAMS 0x0000000727400000, 0x0000000727400000| Untracked 
| 315|0x0000000727600000, 0x0000000727600000, 0x0000000727800000|  0%| F|  |TAMS 0x0000000727600000, 0x0000000727600000| Untracked 
| 316|0x0000000727800000, 0x0000000727800000, 0x0000000727a00000|  0%| F|  |TAMS 0x0000000727800000, 0x0000000727800000| Untracked 
| 317|0x0000000727a00000, 0x0000000727a00000, 0x0000000727c00000|  0%| F|  |TAMS 0x0000000727a00000, 0x0000000727a00000| Untracked 
| 318|0x0000000727c00000, 0x0000000727c00000, 0x0000000727e00000|  0%| F|  |TAMS 0x0000000727c00000, 0x0000000727c00000| Untracked 
| 319|0x0000000727e00000, 0x0000000727e00000, 0x0000000728000000|  0%| F|  |TAMS 0x0000000727e00000, 0x0000000727e00000| Untracked 
| 320|0x0000000728000000, 0x0000000728000000, 0x0000000728200000|  0%| F|  |TAMS 0x0000000728000000, 0x0000000728000000| Untracked 
| 321|0x0000000728200000, 0x0000000728200000, 0x0000000728400000|  0%| F|  |TAMS 0x0000000728200000, 0x0000000728200000| Untracked 
| 322|0x0000000728400000, 0x0000000728400000, 0x0000000728600000|  0%| F|  |TAMS 0x0000000728400000, 0x0000000728400000| Untracked 
| 323|0x0000000728600000, 0x0000000728600000, 0x0000000728800000|  0%| F|  |TAMS 0x0000000728600000, 0x0000000728600000| Untracked 
| 324|0x0000000728800000, 0x0000000728800000, 0x0000000728a00000|  0%| F|  |TAMS 0x0000000728800000, 0x0000000728800000| Untracked 
| 325|0x0000000728a00000, 0x0000000728a00000, 0x0000000728c00000|  0%| F|  |TAMS 0x0000000728a00000, 0x0000000728a00000| Untracked 
| 326|0x0000000728c00000, 0x0000000728c00000, 0x0000000728e00000|  0%| F|  |TAMS 0x0000000728c00000, 0x0000000728c00000| Untracked 
| 327|0x0000000728e00000, 0x0000000728e00000, 0x0000000729000000|  0%| F|  |TAMS 0x0000000728e00000, 0x0000000728e00000| Untracked 
| 328|0x0000000729000000, 0x0000000729000000, 0x0000000729200000|  0%| F|  |TAMS 0x0000000729000000, 0x0000000729000000| Untracked 
| 329|0x0000000729200000, 0x0000000729200000, 0x0000000729400000|  0%| F|  |TAMS 0x0000000729200000, 0x0000000729200000| Untracked 
| 330|0x0000000729400000, 0x0000000729400000, 0x0000000729600000|  0%| F|  |TAMS 0x0000000729400000, 0x0000000729400000| Untracked 
| 331|0x0000000729600000, 0x0000000729600000, 0x0000000729800000|  0%| F|  |TAMS 0x0000000729600000, 0x0000000729600000| Untracked 
| 332|0x0000000729800000, 0x0000000729800000, 0x0000000729a00000|  0%| F|  |TAMS 0x0000000729800000, 0x0000000729800000| Untracked 
| 333|0x0000000729a00000, 0x0000000729a00000, 0x0000000729c00000|  0%| F|  |TAMS 0x0000000729a00000, 0x0000000729a00000| Untracked 
| 334|0x0000000729c00000, 0x0000000729c00000, 0x0000000729e00000|  0%| F|  |TAMS 0x0000000729c00000, 0x0000000729c00000| Untracked 
| 335|0x0000000729e00000, 0x0000000729e00000, 0x000000072a000000|  0%| F|  |TAMS 0x0000000729e00000, 0x0000000729e00000| Untracked 
| 336|0x000000072a000000, 0x000000072a000000, 0x000000072a200000|  0%| F|  |TAMS 0x000000072a000000, 0x000000072a000000| Untracked 
| 337|0x000000072a200000, 0x000000072a200000, 0x000000072a400000|  0%| F|  |TAMS 0x000000072a200000, 0x000000072a200000| Untracked 
| 338|0x000000072a400000, 0x000000072a400000, 0x000000072a600000|  0%| F|  |TAMS 0x000000072a400000, 0x000000072a400000| Untracked 
| 339|0x000000072a600000, 0x000000072a600000, 0x000000072a800000|  0%| F|  |TAMS 0x000000072a600000, 0x000000072a600000| Untracked 
| 340|0x000000072a800000, 0x000000072a800000, 0x000000072aa00000|  0%| F|  |TAMS 0x000000072a800000, 0x000000072a800000| Untracked 
| 341|0x000000072aa00000, 0x000000072aa00000, 0x000000072ac00000|  0%| F|  |TAMS 0x000000072aa00000, 0x000000072aa00000| Untracked 
| 342|0x000000072ac00000, 0x000000072ac00000, 0x000000072ae00000|  0%| F|  |TAMS 0x000000072ac00000, 0x000000072ac00000| Untracked 
| 343|0x000000072ae00000, 0x000000072ae00000, 0x000000072b000000|  0%| F|  |TAMS 0x000000072ae00000, 0x000000072ae00000| Untracked 
| 344|0x000000072b000000, 0x000000072b000000, 0x000000072b200000|  0%| F|  |TAMS 0x000000072b000000, 0x000000072b000000| Untracked 
| 345|0x000000072b200000, 0x000000072b200000, 0x000000072b400000|  0%| F|  |TAMS 0x000000072b200000, 0x000000072b200000| Untracked 
| 346|0x000000072b400000, 0x000000072b400000, 0x000000072b600000|  0%| F|  |TAMS 0x000000072b400000, 0x000000072b400000| Untracked 
| 347|0x000000072b600000, 0x000000072b600000, 0x000000072b800000|  0%| F|  |TAMS 0x000000072b600000, 0x000000072b600000| Untracked 
| 348|0x000000072b800000, 0x000000072b800000, 0x000000072ba00000|  0%| F|  |TAMS 0x000000072b800000, 0x000000072b800000| Untracked 
| 349|0x000000072ba00000, 0x000000072ba00000, 0x000000072bc00000|  0%| F|  |TAMS 0x000000072ba00000, 0x000000072ba00000| Untracked 
| 350|0x000000072bc00000, 0x000000072bc00000, 0x000000072be00000|  0%| F|  |TAMS 0x000000072bc00000, 0x000000072bc00000| Untracked 
| 351|0x000000072be00000, 0x000000072be00000, 0x000000072c000000|  0%| F|  |TAMS 0x000000072be00000, 0x000000072be00000| Untracked 
| 352|0x000000072c000000, 0x000000072c000000, 0x000000072c200000|  0%| F|  |TAMS 0x000000072c000000, 0x000000072c000000| Untracked 
| 353|0x000000072c200000, 0x000000072c200000, 0x000000072c400000|  0%| F|  |TAMS 0x000000072c200000, 0x000000072c200000| Untracked 
| 354|0x000000072c400000, 0x000000072c400000, 0x000000072c600000|  0%| F|  |TAMS 0x000000072c400000, 0x000000072c400000| Untracked 
| 355|0x000000072c600000, 0x000000072c600000, 0x000000072c800000|  0%| F|  |TAMS 0x000000072c600000, 0x000000072c600000| Untracked 
| 356|0x000000072c800000, 0x000000072c800000, 0x000000072ca00000|  0%| F|  |TAMS 0x000000072c800000, 0x000000072c800000| Untracked 
| 357|0x000000072ca00000, 0x000000072ca00000, 0x000000072cc00000|  0%| F|  |TAMS 0x000000072ca00000, 0x000000072ca00000| Untracked 
| 358|0x000000072cc00000, 0x000000072cc00000, 0x000000072ce00000|  0%| F|  |TAMS 0x000000072cc00000, 0x000000072cc00000| Untracked 
| 359|0x000000072ce00000, 0x000000072ce00000, 0x000000072d000000|  0%| F|  |TAMS 0x000000072ce00000, 0x000000072ce00000| Untracked 
| 360|0x000000072d000000, 0x000000072d000000, 0x000000072d200000|  0%| F|  |TAMS 0x000000072d000000, 0x000000072d000000| Untracked 
| 361|0x000000072d200000, 0x000000072d200000, 0x000000072d400000|  0%| F|  |TAMS 0x000000072d200000, 0x000000072d200000| Untracked 
| 362|0x000000072d400000, 0x000000072d400000, 0x000000072d600000|  0%| F|  |TAMS 0x000000072d400000, 0x000000072d400000| Untracked 
| 363|0x000000072d600000, 0x000000072d600000, 0x000000072d800000|  0%| F|  |TAMS 0x000000072d600000, 0x000000072d600000| Untracked 
| 364|0x000000072d800000, 0x000000072d800000, 0x000000072da00000|  0%| F|  |TAMS 0x000000072d800000, 0x000000072d800000| Untracked 
| 365|0x000000072da00000, 0x000000072da00000, 0x000000072dc00000|  0%| F|  |TAMS 0x000000072da00000, 0x000000072da00000| Untracked 
| 366|0x000000072dc00000, 0x000000072dc00000, 0x000000072de00000|  0%| F|  |TAMS 0x000000072dc00000, 0x000000072dc00000| Untracked 
| 367|0x000000072de00000, 0x000000072de00000, 0x000000072e000000|  0%| F|  |TAMS 0x000000072de00000, 0x000000072de00000| Untracked 
| 368|0x000000072e000000, 0x000000072e000000, 0x000000072e200000|  0%| F|  |TAMS 0x000000072e000000, 0x000000072e000000| Untracked 
| 369|0x000000072e200000, 0x000000072e200000, 0x000000072e400000|  0%| F|  |TAMS 0x000000072e200000, 0x000000072e200000| Untracked 
| 370|0x000000072e400000, 0x000000072e400000, 0x000000072e600000|  0%| F|  |TAMS 0x000000072e400000, 0x000000072e400000| Untracked 
| 371|0x000000072e600000, 0x000000072e600000, 0x000000072e800000|  0%| F|  |TAMS 0x000000072e600000, 0x000000072e600000| Untracked 
| 372|0x000000072e800000, 0x000000072e800000, 0x000000072ea00000|  0%| F|  |TAMS 0x000000072e800000, 0x000000072e800000| Untracked 
| 373|0x000000072ea00000, 0x000000072ea00000, 0x000000072ec00000|  0%| F|  |TAMS 0x000000072ea00000, 0x000000072ea00000| Untracked 
| 374|0x000000072ec00000, 0x000000072ec00000, 0x000000072ee00000|  0%| F|  |TAMS 0x000000072ec00000, 0x000000072ec00000| Untracked 
| 375|0x000000072ee00000, 0x000000072ee00000, 0x000000072f000000|  0%| F|  |TAMS 0x000000072ee00000, 0x000000072ee00000| Untracked 
| 376|0x000000072f000000, 0x000000072f000000, 0x000000072f200000|  0%| F|  |TAMS 0x000000072f000000, 0x000000072f000000| Untracked 
| 377|0x000000072f200000, 0x000000072f200000, 0x000000072f400000|  0%| F|  |TAMS 0x000000072f200000, 0x000000072f200000| Untracked 
| 378|0x000000072f400000, 0x000000072f400000, 0x000000072f600000|  0%| F|  |TAMS 0x000000072f400000, 0x000000072f400000| Untracked 
| 379|0x000000072f600000, 0x000000072f600000, 0x000000072f800000|  0%| F|  |TAMS 0x000000072f600000, 0x000000072f600000| Untracked 
| 380|0x000000072f800000, 0x000000072f800000, 0x000000072fa00000|  0%| F|  |TAMS 0x000000072f800000, 0x000000072f800000| Untracked 
| 381|0x000000072fa00000, 0x000000072fad3a40, 0x000000072fc00000| 41%| S|CS|TAMS 0x000000072fa00000, 0x000000072fa00000| Complete 
| 382|0x000000072fc00000, 0x000000072fe00000, 0x000000072fe00000|100%| S|CS|TAMS 0x000000072fc00000, 0x000000072fc00000| Complete 
| 383|0x000000072fe00000, 0x0000000730000000, 0x0000000730000000|100%| S|CS|TAMS 0x000000072fe00000, 0x000000072fe00000| Complete 
| 384|0x0000000730000000, 0x0000000730200000, 0x0000000730200000|100%| S|CS|TAMS 0x0000000730000000, 0x0000000730000000| Complete 
| 385|0x0000000730200000, 0x0000000730400000, 0x0000000730400000|100%| S|CS|TAMS 0x0000000730200000, 0x0000000730200000| Complete 
| 386|0x0000000730400000, 0x0000000730600000, 0x0000000730600000|100%| S|CS|TAMS 0x0000000730400000, 0x0000000730400000| Complete 
| 387|0x0000000730600000, 0x0000000730800000, 0x0000000730800000|100%| S|CS|TAMS 0x0000000730600000, 0x0000000730600000| Complete 
| 388|0x0000000730800000, 0x0000000730a00000, 0x0000000730a00000|100%| S|CS|TAMS 0x0000000730800000, 0x0000000730800000| Complete 
| 389|0x0000000730a00000, 0x0000000730a00000, 0x0000000730c00000|  0%| F|  |TAMS 0x0000000730a00000, 0x0000000730a00000| Untracked 
| 390|0x0000000730c00000, 0x0000000730c00000, 0x0000000730e00000|  0%| F|  |TAMS 0x0000000730c00000, 0x0000000730c00000| Untracked 
| 391|0x0000000730e00000, 0x0000000730e00000, 0x0000000731000000|  0%| F|  |TAMS 0x0000000730e00000, 0x0000000730e00000| Untracked 
| 392|0x0000000731000000, 0x0000000731000000, 0x0000000731200000|  0%| F|  |TAMS 0x0000000731000000, 0x0000000731000000| Untracked 
| 393|0x0000000731200000, 0x0000000731200000, 0x0000000731400000|  0%| F|  |TAMS 0x0000000731200000, 0x0000000731200000| Untracked 
| 394|0x0000000731400000, 0x0000000731400000, 0x0000000731600000|  0%| F|  |TAMS 0x0000000731400000, 0x0000000731400000| Untracked 
| 395|0x0000000731600000, 0x0000000731600000, 0x0000000731800000|  0%| F|  |TAMS 0x0000000731600000, 0x0000000731600000| Untracked 
| 396|0x0000000731800000, 0x0000000731800000, 0x0000000731a00000|  0%| F|  |TAMS 0x0000000731800000, 0x0000000731800000| Untracked 
| 397|0x0000000731a00000, 0x0000000731a00000, 0x0000000731c00000|  0%| F|  |TAMS 0x0000000731a00000, 0x0000000731a00000| Untracked 
| 398|0x0000000731c00000, 0x0000000731c00000, 0x0000000731e00000|  0%| F|  |TAMS 0x0000000731c00000, 0x0000000731c00000| Untracked 
| 399|0x0000000731e00000, 0x0000000731e00000, 0x0000000732000000|  0%| F|  |TAMS 0x0000000731e00000, 0x0000000731e00000| Untracked 
| 400|0x0000000732000000, 0x0000000732000000, 0x0000000732200000|  0%| F|  |TAMS 0x0000000732000000, 0x0000000732000000| Untracked 
| 401|0x0000000732200000, 0x0000000732200000, 0x0000000732400000|  0%| F|  |TAMS 0x0000000732200000, 0x0000000732200000| Untracked 
| 402|0x0000000732400000, 0x0000000732400000, 0x0000000732600000|  0%| F|  |TAMS 0x0000000732400000, 0x0000000732400000| Untracked 
| 403|0x0000000732600000, 0x0000000732600000, 0x0000000732800000|  0%| F|  |TAMS 0x0000000732600000, 0x0000000732600000| Untracked 
| 404|0x0000000732800000, 0x0000000732800000, 0x0000000732a00000|  0%| F|  |TAMS 0x0000000732800000, 0x0000000732800000| Untracked 
| 405|0x0000000732a00000, 0x0000000732a00000, 0x0000000732c00000|  0%| F|  |TAMS 0x0000000732a00000, 0x0000000732a00000| Untracked 
| 406|0x0000000732c00000, 0x0000000732c00000, 0x0000000732e00000|  0%| F|  |TAMS 0x0000000732c00000, 0x0000000732c00000| Untracked 
| 407|0x0000000732e00000, 0x0000000732e00000, 0x0000000733000000|  0%| F|  |TAMS 0x0000000732e00000, 0x0000000732e00000| Untracked 
| 408|0x0000000733000000, 0x0000000733000000, 0x0000000733200000|  0%| F|  |TAMS 0x0000000733000000, 0x0000000733000000| Untracked 
| 409|0x0000000733200000, 0x0000000733200000, 0x0000000733400000|  0%| F|  |TAMS 0x0000000733200000, 0x0000000733200000| Untracked 
| 410|0x0000000733400000, 0x0000000733400000, 0x0000000733600000|  0%| F|  |TAMS 0x0000000733400000, 0x0000000733400000| Untracked 
| 411|0x0000000733600000, 0x0000000733600000, 0x0000000733800000|  0%| F|  |TAMS 0x0000000733600000, 0x0000000733600000| Untracked 
| 412|0x0000000733800000, 0x0000000733800000, 0x0000000733a00000|  0%| F|  |TAMS 0x0000000733800000, 0x0000000733800000| Untracked 
| 413|0x0000000733a00000, 0x0000000733a00000, 0x0000000733c00000|  0%| F|  |TAMS 0x0000000733a00000, 0x0000000733a00000| Untracked 
| 414|0x0000000733c00000, 0x0000000733c00000, 0x0000000733e00000|  0%| F|  |TAMS 0x0000000733c00000, 0x0000000733c00000| Untracked 
| 415|0x0000000733e00000, 0x0000000733e00000, 0x0000000734000000|  0%| F|  |TAMS 0x0000000733e00000, 0x0000000733e00000| Untracked 
| 416|0x0000000734000000, 0x0000000734000000, 0x0000000734200000|  0%| F|  |TAMS 0x0000000734000000, 0x0000000734000000| Untracked 
| 417|0x0000000734200000, 0x0000000734200000, 0x0000000734400000|  0%| F|  |TAMS 0x0000000734200000, 0x0000000734200000| Untracked 
| 418|0x0000000734400000, 0x0000000734400000, 0x0000000734600000|  0%| F|  |TAMS 0x0000000734400000, 0x0000000734400000| Untracked 
| 419|0x0000000734600000, 0x0000000734600000, 0x0000000734800000|  0%| F|  |TAMS 0x0000000734600000, 0x0000000734600000| Untracked 
| 420|0x0000000734800000, 0x0000000734800000, 0x0000000734a00000|  0%| F|  |TAMS 0x0000000734800000, 0x0000000734800000| Untracked 
| 421|0x0000000734a00000, 0x0000000734a00000, 0x0000000734c00000|  0%| F|  |TAMS 0x0000000734a00000, 0x0000000734a00000| Untracked 
| 422|0x0000000734c00000, 0x0000000734c00000, 0x0000000734e00000|  0%| F|  |TAMS 0x0000000734c00000, 0x0000000734c00000| Untracked 
| 423|0x0000000734e00000, 0x0000000734e00000, 0x0000000735000000|  0%| F|  |TAMS 0x0000000734e00000, 0x0000000734e00000| Untracked 
| 424|0x0000000735000000, 0x0000000735000000, 0x0000000735200000|  0%| F|  |TAMS 0x0000000735000000, 0x0000000735000000| Untracked 
| 425|0x0000000735200000, 0x0000000735200000, 0x0000000735400000|  0%| F|  |TAMS 0x0000000735200000, 0x0000000735200000| Untracked 
| 426|0x0000000735400000, 0x0000000735400000, 0x0000000735600000|  0%| F|  |TAMS 0x0000000735400000, 0x0000000735400000| Untracked 
| 427|0x0000000735600000, 0x0000000735600000, 0x0000000735800000|  0%| F|  |TAMS 0x0000000735600000, 0x0000000735600000| Untracked 
| 428|0x0000000735800000, 0x0000000735800000, 0x0000000735a00000|  0%| F|  |TAMS 0x0000000735800000, 0x0000000735800000| Untracked 
| 429|0x0000000735a00000, 0x0000000735a00000, 0x0000000735c00000|  0%| F|  |TAMS 0x0000000735a00000, 0x0000000735a00000| Untracked 
| 430|0x0000000735c00000, 0x0000000735c00000, 0x0000000735e00000|  0%| F|  |TAMS 0x0000000735c00000, 0x0000000735c00000| Untracked 
| 431|0x0000000735e00000, 0x0000000735e00000, 0x0000000736000000|  0%| F|  |TAMS 0x0000000735e00000, 0x0000000735e00000| Untracked 
| 432|0x0000000736000000, 0x0000000736000000, 0x0000000736200000|  0%| F|  |TAMS 0x0000000736000000, 0x0000000736000000| Untracked 
| 433|0x0000000736200000, 0x0000000736200000, 0x0000000736400000|  0%| F|  |TAMS 0x0000000736200000, 0x0000000736200000| Untracked 
| 434|0x0000000736400000, 0x0000000736400000, 0x0000000736600000|  0%| F|  |TAMS 0x0000000736400000, 0x0000000736400000| Untracked 
| 435|0x0000000736600000, 0x0000000736600000, 0x0000000736800000|  0%| F|  |TAMS 0x0000000736600000, 0x0000000736600000| Untracked 
| 436|0x0000000736800000, 0x0000000736800000, 0x0000000736a00000|  0%| F|  |TAMS 0x0000000736800000, 0x0000000736800000| Untracked 
| 437|0x0000000736a00000, 0x0000000736a00000, 0x0000000736c00000|  0%| F|  |TAMS 0x0000000736a00000, 0x0000000736a00000| Untracked 
| 438|0x0000000736c00000, 0x0000000736c00000, 0x0000000736e00000|  0%| F|  |TAMS 0x0000000736c00000, 0x0000000736c00000| Untracked 
| 439|0x0000000736e00000, 0x0000000736e00000, 0x0000000737000000|  0%| F|  |TAMS 0x0000000736e00000, 0x0000000736e00000| Untracked 
| 440|0x0000000737000000, 0x0000000737000000, 0x0000000737200000|  0%| F|  |TAMS 0x0000000737000000, 0x0000000737000000| Untracked 
| 441|0x0000000737200000, 0x0000000737200000, 0x0000000737400000|  0%| F|  |TAMS 0x0000000737200000, 0x0000000737200000| Untracked 
| 442|0x0000000737400000, 0x0000000737400000, 0x0000000737600000|  0%| F|  |TAMS 0x0000000737400000, 0x0000000737400000| Untracked 
| 443|0x0000000737600000, 0x0000000737600000, 0x0000000737800000|  0%| F|  |TAMS 0x0000000737600000, 0x0000000737600000| Untracked 
| 444|0x0000000737800000, 0x0000000737800000, 0x0000000737a00000|  0%| F|  |TAMS 0x0000000737800000, 0x0000000737800000| Untracked 
| 445|0x0000000737a00000, 0x0000000737a00000, 0x0000000737c00000|  0%| F|  |TAMS 0x0000000737a00000, 0x0000000737a00000| Untracked 
| 446|0x0000000737c00000, 0x0000000737c00000, 0x0000000737e00000|  0%| F|  |TAMS 0x0000000737c00000, 0x0000000737c00000| Untracked 
| 447|0x0000000737e00000, 0x0000000737e00000, 0x0000000738000000|  0%| F|  |TAMS 0x0000000737e00000, 0x0000000737e00000| Untracked 
| 448|0x0000000738000000, 0x0000000738000000, 0x0000000738200000|  0%| F|  |TAMS 0x0000000738000000, 0x0000000738000000| Untracked 
| 449|0x0000000738200000, 0x0000000738200000, 0x0000000738400000|  0%| F|  |TAMS 0x0000000738200000, 0x0000000738200000| Untracked 
| 450|0x0000000738400000, 0x0000000738400000, 0x0000000738600000|  0%| F|  |TAMS 0x0000000738400000, 0x0000000738400000| Untracked 
| 451|0x0000000738600000, 0x0000000738600000, 0x0000000738800000|  0%| F|  |TAMS 0x0000000738600000, 0x0000000738600000| Untracked 
| 452|0x0000000738800000, 0x0000000738800000, 0x0000000738a00000|  0%| F|  |TAMS 0x0000000738800000, 0x0000000738800000| Untracked 
| 453|0x0000000738a00000, 0x0000000738a00000, 0x0000000738c00000|  0%| F|  |TAMS 0x0000000738a00000, 0x0000000738a00000| Untracked 
| 454|0x0000000738c00000, 0x0000000738c00000, 0x0000000738e00000|  0%| F|  |TAMS 0x0000000738c00000, 0x0000000738c00000| Untracked 
| 455|0x0000000738e00000, 0x0000000738e00000, 0x0000000739000000|  0%| F|  |TAMS 0x0000000738e00000, 0x0000000738e00000| Untracked 
| 456|0x0000000739000000, 0x0000000739000000, 0x0000000739200000|  0%| F|  |TAMS 0x0000000739000000, 0x0000000739000000| Untracked 
| 457|0x0000000739200000, 0x0000000739200000, 0x0000000739400000|  0%| F|  |TAMS 0x0000000739200000, 0x0000000739200000| Untracked 
| 458|0x0000000739400000, 0x0000000739400000, 0x0000000739600000|  0%| F|  |TAMS 0x0000000739400000, 0x0000000739400000| Untracked 
| 459|0x0000000739600000, 0x0000000739600000, 0x0000000739800000|  0%| F|  |TAMS 0x0000000739600000, 0x0000000739600000| Untracked 
| 460|0x0000000739800000, 0x0000000739800000, 0x0000000739a00000|  0%| F|  |TAMS 0x0000000739800000, 0x0000000739800000| Untracked 
| 461|0x0000000739a00000, 0x0000000739a00000, 0x0000000739c00000|  0%| F|  |TAMS 0x0000000739a00000, 0x0000000739a00000| Untracked 
| 462|0x0000000739c00000, 0x0000000739c00000, 0x0000000739e00000|  0%| F|  |TAMS 0x0000000739c00000, 0x0000000739c00000| Untracked 
| 463|0x0000000739e00000, 0x0000000739e00000, 0x000000073a000000|  0%| F|  |TAMS 0x0000000739e00000, 0x0000000739e00000| Untracked 
| 464|0x000000073a000000, 0x000000073a000000, 0x000000073a200000|  0%| F|  |TAMS 0x000000073a000000, 0x000000073a000000| Untracked 
| 465|0x000000073a200000, 0x000000073a200000, 0x000000073a400000|  0%| F|  |TAMS 0x000000073a200000, 0x000000073a200000| Untracked 
| 466|0x000000073a400000, 0x000000073a400000, 0x000000073a600000|  0%| F|  |TAMS 0x000000073a400000, 0x000000073a400000| Untracked 
| 467|0x000000073a600000, 0x000000073a600000, 0x000000073a800000|  0%| F|  |TAMS 0x000000073a600000, 0x000000073a600000| Untracked 
| 468|0x000000073a800000, 0x000000073a800000, 0x000000073aa00000|  0%| F|  |TAMS 0x000000073a800000, 0x000000073a800000| Untracked 
| 469|0x000000073aa00000, 0x000000073aa00000, 0x000000073ac00000|  0%| F|  |TAMS 0x000000073aa00000, 0x000000073aa00000| Untracked 
| 470|0x000000073ac00000, 0x000000073ac00000, 0x000000073ae00000|  0%| F|  |TAMS 0x000000073ac00000, 0x000000073ac00000| Untracked 
| 471|0x000000073ae00000, 0x000000073ae00000, 0x000000073b000000|  0%| F|  |TAMS 0x000000073ae00000, 0x000000073ae00000| Untracked 
| 472|0x000000073b000000, 0x000000073b000000, 0x000000073b200000|  0%| F|  |TAMS 0x000000073b000000, 0x000000073b000000| Untracked 
| 473|0x000000073b200000, 0x000000073b200000, 0x000000073b400000|  0%| F|  |TAMS 0x000000073b200000, 0x000000073b200000| Untracked 
| 474|0x000000073b400000, 0x000000073b400000, 0x000000073b600000|  0%| F|  |TAMS 0x000000073b400000, 0x000000073b400000| Untracked 
| 475|0x000000073b600000, 0x000000073b600000, 0x000000073b800000|  0%| F|  |TAMS 0x000000073b600000, 0x000000073b600000| Untracked 
| 476|0x000000073b800000, 0x000000073b800000, 0x000000073ba00000|  0%| F|  |TAMS 0x000000073b800000, 0x000000073b800000| Untracked 
| 477|0x000000073ba00000, 0x000000073ba00000, 0x000000073bc00000|  0%| F|  |TAMS 0x000000073ba00000, 0x000000073ba00000| Untracked 
| 478|0x000000073bc00000, 0x000000073bc00000, 0x000000073be00000|  0%| F|  |TAMS 0x000000073bc00000, 0x000000073bc00000| Untracked 
| 479|0x000000073be00000, 0x000000073be00000, 0x000000073c000000|  0%| F|  |TAMS 0x000000073be00000, 0x000000073be00000| Untracked 
| 480|0x000000073c000000, 0x000000073c000000, 0x000000073c200000|  0%| F|  |TAMS 0x000000073c000000, 0x000000073c000000| Untracked 
| 481|0x000000073c200000, 0x000000073c200000, 0x000000073c400000|  0%| F|  |TAMS 0x000000073c200000, 0x000000073c200000| Untracked 
| 482|0x000000073c400000, 0x000000073c400000, 0x000000073c600000|  0%| F|  |TAMS 0x000000073c400000, 0x000000073c400000| Untracked 
| 483|0x000000073c600000, 0x000000073c600000, 0x000000073c800000|  0%| F|  |TAMS 0x000000073c600000, 0x000000073c600000| Untracked 
| 484|0x000000073c800000, 0x000000073c800000, 0x000000073ca00000|  0%| F|  |TAMS 0x000000073c800000, 0x000000073c800000| Untracked 
| 485|0x000000073ca00000, 0x000000073ca00000, 0x000000073cc00000|  0%| F|  |TAMS 0x000000073ca00000, 0x000000073ca00000| Untracked 
| 486|0x000000073cc00000, 0x000000073cc00000, 0x000000073ce00000|  0%| F|  |TAMS 0x000000073cc00000, 0x000000073cc00000| Untracked 
| 487|0x000000073ce00000, 0x000000073ce00000, 0x000000073d000000|  0%| F|  |TAMS 0x000000073ce00000, 0x000000073ce00000| Untracked 
| 488|0x000000073d000000, 0x000000073d000000, 0x000000073d200000|  0%| F|  |TAMS 0x000000073d000000, 0x000000073d000000| Untracked 
| 489|0x000000073d200000, 0x000000073d200000, 0x000000073d400000|  0%| F|  |TAMS 0x000000073d200000, 0x000000073d200000| Untracked 
| 490|0x000000073d400000, 0x000000073d400000, 0x000000073d600000|  0%| F|  |TAMS 0x000000073d400000, 0x000000073d400000| Untracked 
| 491|0x000000073d600000, 0x000000073d600000, 0x000000073d800000|  0%| F|  |TAMS 0x000000073d600000, 0x000000073d600000| Untracked 
| 492|0x000000073d800000, 0x000000073d800000, 0x000000073da00000|  0%| F|  |TAMS 0x000000073d800000, 0x000000073d800000| Untracked 
| 493|0x000000073da00000, 0x000000073da00000, 0x000000073dc00000|  0%| F|  |TAMS 0x000000073da00000, 0x000000073da00000| Untracked 
| 494|0x000000073dc00000, 0x000000073dc00000, 0x000000073de00000|  0%| F|  |TAMS 0x000000073dc00000, 0x000000073dc00000| Untracked 
| 495|0x000000073de00000, 0x000000073de00000, 0x000000073e000000|  0%| F|  |TAMS 0x000000073de00000, 0x000000073de00000| Untracked 
| 496|0x000000073e000000, 0x000000073e000000, 0x000000073e200000|  0%| F|  |TAMS 0x000000073e000000, 0x000000073e000000| Untracked 
| 497|0x000000073e200000, 0x000000073e200000, 0x000000073e400000|  0%| F|  |TAMS 0x000000073e200000, 0x000000073e200000| Untracked 
| 498|0x000000073e400000, 0x000000073e400000, 0x000000073e600000|  0%| F|  |TAMS 0x000000073e400000, 0x000000073e400000| Untracked 
| 499|0x000000073e600000, 0x000000073e600000, 0x000000073e800000|  0%| F|  |TAMS 0x000000073e600000, 0x000000073e600000| Untracked 
| 500|0x000000073e800000, 0x000000073e800000, 0x000000073ea00000|  0%| F|  |TAMS 0x000000073e800000, 0x000000073e800000| Untracked 
| 501|0x000000073ea00000, 0x000000073ea00000, 0x000000073ec00000|  0%| F|  |TAMS 0x000000073ea00000, 0x000000073ea00000| Untracked 
| 502|0x000000073ec00000, 0x000000073ec00000, 0x000000073ee00000|  0%| F|  |TAMS 0x000000073ec00000, 0x000000073ec00000| Untracked 
| 503|0x000000073ee00000, 0x000000073ee00000, 0x000000073f000000|  0%| F|  |TAMS 0x000000073ee00000, 0x000000073ee00000| Untracked 
| 504|0x000000073f000000, 0x000000073f000000, 0x000000073f200000|  0%| F|  |TAMS 0x000000073f000000, 0x000000073f000000| Untracked 
| 505|0x000000073f200000, 0x000000073f200000, 0x000000073f400000|  0%| F|  |TAMS 0x000000073f200000, 0x000000073f200000| Untracked 
| 506|0x000000073f400000, 0x000000073f400000, 0x000000073f600000|  0%| F|  |TAMS 0x000000073f400000, 0x000000073f400000| Untracked 
| 507|0x000000073f600000, 0x000000073f600000, 0x000000073f800000|  0%| F|  |TAMS 0x000000073f600000, 0x000000073f600000| Untracked 
| 508|0x000000073f800000, 0x000000073f800000, 0x000000073fa00000|  0%| F|  |TAMS 0x000000073f800000, 0x000000073f800000| Untracked 
| 509|0x000000073fa00000, 0x000000073fa00000, 0x000000073fc00000|  0%| F|  |TAMS 0x000000073fa00000, 0x000000073fa00000| Untracked 
| 510|0x000000073fc00000, 0x000000073fc00000, 0x000000073fe00000|  0%| F|  |TAMS 0x000000073fc00000, 0x000000073fc00000| Untracked 
| 511|0x000000073fe00000, 0x000000073fe00000, 0x0000000740000000|  0%| F|  |TAMS 0x000000073fe00000, 0x000000073fe00000| Untracked 
| 512|0x0000000740000000, 0x0000000740000000, 0x0000000740200000|  0%| F|  |TAMS 0x0000000740000000, 0x0000000740000000| Untracked 
| 513|0x0000000740200000, 0x0000000740200000, 0x0000000740400000|  0%| F|  |TAMS 0x0000000740200000, 0x0000000740200000| Untracked 
| 514|0x0000000740400000, 0x0000000740400000, 0x0000000740600000|  0%| F|  |TAMS 0x0000000740400000, 0x0000000740400000| Untracked 
| 515|0x0000000740600000, 0x0000000740600000, 0x0000000740800000|  0%| F|  |TAMS 0x0000000740600000, 0x0000000740600000| Untracked 
| 516|0x0000000740800000, 0x0000000740800000, 0x0000000740a00000|  0%| F|  |TAMS 0x0000000740800000, 0x0000000740800000| Untracked 
| 517|0x0000000740a00000, 0x0000000740a00000, 0x0000000740c00000|  0%| F|  |TAMS 0x0000000740a00000, 0x0000000740a00000| Untracked 
| 518|0x0000000740c00000, 0x0000000740c00000, 0x0000000740e00000|  0%| F|  |TAMS 0x0000000740c00000, 0x0000000740c00000| Untracked 
| 519|0x0000000740e00000, 0x0000000740e00000, 0x0000000741000000|  0%| F|  |TAMS 0x0000000740e00000, 0x0000000740e00000| Untracked 
| 520|0x0000000741000000, 0x0000000741000000, 0x0000000741200000|  0%| F|  |TAMS 0x0000000741000000, 0x0000000741000000| Untracked 
| 521|0x0000000741200000, 0x0000000741200000, 0x0000000741400000|  0%| F|  |TAMS 0x0000000741200000, 0x0000000741200000| Untracked 
| 522|0x0000000741400000, 0x0000000741400000, 0x0000000741600000|  0%| F|  |TAMS 0x0000000741400000, 0x0000000741400000| Untracked 
| 523|0x0000000741600000, 0x0000000741600000, 0x0000000741800000|  0%| F|  |TAMS 0x0000000741600000, 0x0000000741600000| Untracked 
| 524|0x0000000741800000, 0x0000000741800000, 0x0000000741a00000|  0%| F|  |TAMS 0x0000000741800000, 0x0000000741800000| Untracked 
| 525|0x0000000741a00000, 0x0000000741a00000, 0x0000000741c00000|  0%| F|  |TAMS 0x0000000741a00000, 0x0000000741a00000| Untracked 
| 526|0x0000000741c00000, 0x0000000741c00000, 0x0000000741e00000|  0%| F|  |TAMS 0x0000000741c00000, 0x0000000741c00000| Untracked 
| 527|0x0000000741e00000, 0x0000000741e00000, 0x0000000742000000|  0%| F|  |TAMS 0x0000000741e00000, 0x0000000741e00000| Untracked 
| 528|0x0000000742000000, 0x0000000742000000, 0x0000000742200000|  0%| F|  |TAMS 0x0000000742000000, 0x0000000742000000| Untracked 
| 529|0x0000000742200000, 0x0000000742200000, 0x0000000742400000|  0%| F|  |TAMS 0x0000000742200000, 0x0000000742200000| Untracked 
| 530|0x0000000742400000, 0x0000000742400000, 0x0000000742600000|  0%| F|  |TAMS 0x0000000742400000, 0x0000000742400000| Untracked 
| 531|0x0000000742600000, 0x0000000742600000, 0x0000000742800000|  0%| F|  |TAMS 0x0000000742600000, 0x0000000742600000| Untracked 
| 532|0x0000000742800000, 0x0000000742800000, 0x0000000742a00000|  0%| F|  |TAMS 0x0000000742800000, 0x0000000742800000| Untracked 
| 533|0x0000000742a00000, 0x0000000742a00000, 0x0000000742c00000|  0%| F|  |TAMS 0x0000000742a00000, 0x0000000742a00000| Untracked 
| 534|0x0000000742c00000, 0x0000000742c00000, 0x0000000742e00000|  0%| F|  |TAMS 0x0000000742c00000, 0x0000000742c00000| Untracked 
| 535|0x0000000742e00000, 0x0000000742e00000, 0x0000000743000000|  0%| F|  |TAMS 0x0000000742e00000, 0x0000000742e00000| Untracked 
| 536|0x0000000743000000, 0x0000000743000000, 0x0000000743200000|  0%| F|  |TAMS 0x0000000743000000, 0x0000000743000000| Untracked 
| 537|0x0000000743200000, 0x0000000743200000, 0x0000000743400000|  0%| F|  |TAMS 0x0000000743200000, 0x0000000743200000| Untracked 
| 538|0x0000000743400000, 0x0000000743400000, 0x0000000743600000|  0%| F|  |TAMS 0x0000000743400000, 0x0000000743400000| Untracked 
| 539|0x0000000743600000, 0x0000000743600000, 0x0000000743800000|  0%| F|  |TAMS 0x0000000743600000, 0x0000000743600000| Untracked 
| 540|0x0000000743800000, 0x0000000743800000, 0x0000000743a00000|  0%| F|  |TAMS 0x0000000743800000, 0x0000000743800000| Untracked 
| 541|0x0000000743a00000, 0x0000000743a00000, 0x0000000743c00000|  0%| F|  |TAMS 0x0000000743a00000, 0x0000000743a00000| Untracked 
| 542|0x0000000743c00000, 0x0000000743c00000, 0x0000000743e00000|  0%| F|  |TAMS 0x0000000743c00000, 0x0000000743c00000| Untracked 
| 543|0x0000000743e00000, 0x0000000743e00000, 0x0000000744000000|  0%| F|  |TAMS 0x0000000743e00000, 0x0000000743e00000| Untracked 
| 544|0x0000000744000000, 0x0000000744000000, 0x0000000744200000|  0%| F|  |TAMS 0x0000000744000000, 0x0000000744000000| Untracked 
| 545|0x0000000744200000, 0x0000000744200000, 0x0000000744400000|  0%| F|  |TAMS 0x0000000744200000, 0x0000000744200000| Untracked 
| 546|0x0000000744400000, 0x0000000744400000, 0x0000000744600000|  0%| F|  |TAMS 0x0000000744400000, 0x0000000744400000| Untracked 
| 547|0x0000000744600000, 0x0000000744600000, 0x0000000744800000|  0%| F|  |TAMS 0x0000000744600000, 0x0000000744600000| Untracked 
| 548|0x0000000744800000, 0x0000000744800000, 0x0000000744a00000|  0%| F|  |TAMS 0x0000000744800000, 0x0000000744800000| Untracked 
| 549|0x0000000744a00000, 0x0000000744a00000, 0x0000000744c00000|  0%| F|  |TAMS 0x0000000744a00000, 0x0000000744a00000| Untracked 
| 550|0x0000000744c00000, 0x0000000744c00000, 0x0000000744e00000|  0%| F|  |TAMS 0x0000000744c00000, 0x0000000744c00000| Untracked 
| 551|0x0000000744e00000, 0x0000000744e00000, 0x0000000745000000|  0%| F|  |TAMS 0x0000000744e00000, 0x0000000744e00000| Untracked 
| 552|0x0000000745000000, 0x0000000745000000, 0x0000000745200000|  0%| F|  |TAMS 0x0000000745000000, 0x0000000745000000| Untracked 
| 553|0x0000000745200000, 0x0000000745200000, 0x0000000745400000|  0%| F|  |TAMS 0x0000000745200000, 0x0000000745200000| Untracked 
| 554|0x0000000745400000, 0x0000000745400000, 0x0000000745600000|  0%| F|  |TAMS 0x0000000745400000, 0x0000000745400000| Untracked 
| 555|0x0000000745600000, 0x0000000745600000, 0x0000000745800000|  0%| F|  |TAMS 0x0000000745600000, 0x0000000745600000| Untracked 
| 556|0x0000000745800000, 0x0000000745800000, 0x0000000745a00000|  0%| F|  |TAMS 0x0000000745800000, 0x0000000745800000| Untracked 
| 557|0x0000000745a00000, 0x0000000745a00000, 0x0000000745c00000|  0%| F|  |TAMS 0x0000000745a00000, 0x0000000745a00000| Untracked 
| 558|0x0000000745c00000, 0x0000000745c00000, 0x0000000745e00000|  0%| F|  |TAMS 0x0000000745c00000, 0x0000000745c00000| Untracked 
| 559|0x0000000745e00000, 0x0000000745e00000, 0x0000000746000000|  0%| F|  |TAMS 0x0000000745e00000, 0x0000000745e00000| Untracked 
| 560|0x0000000746000000, 0x0000000746000000, 0x0000000746200000|  0%| F|  |TAMS 0x0000000746000000, 0x0000000746000000| Untracked 
| 561|0x0000000746200000, 0x0000000746200000, 0x0000000746400000|  0%| F|  |TAMS 0x0000000746200000, 0x0000000746200000| Untracked 
| 562|0x0000000746400000, 0x0000000746400000, 0x0000000746600000|  0%| F|  |TAMS 0x0000000746400000, 0x0000000746400000| Untracked 
| 563|0x0000000746600000, 0x0000000746600000, 0x0000000746800000|  0%| F|  |TAMS 0x0000000746600000, 0x0000000746600000| Untracked 
| 564|0x0000000746800000, 0x0000000746800000, 0x0000000746a00000|  0%| F|  |TAMS 0x0000000746800000, 0x0000000746800000| Untracked 
| 565|0x0000000746a00000, 0x0000000746a00000, 0x0000000746c00000|  0%| F|  |TAMS 0x0000000746a00000, 0x0000000746a00000| Untracked 
| 566|0x0000000746c00000, 0x0000000746c00000, 0x0000000746e00000|  0%| F|  |TAMS 0x0000000746c00000, 0x0000000746c00000| Untracked 
| 567|0x0000000746e00000, 0x0000000746e00000, 0x0000000747000000|  0%| F|  |TAMS 0x0000000746e00000, 0x0000000746e00000| Untracked 
| 568|0x0000000747000000, 0x0000000747000000, 0x0000000747200000|  0%| F|  |TAMS 0x0000000747000000, 0x0000000747000000| Untracked 
| 569|0x0000000747200000, 0x0000000747200000, 0x0000000747400000|  0%| F|  |TAMS 0x0000000747200000, 0x0000000747200000| Untracked 
| 570|0x0000000747400000, 0x0000000747400000, 0x0000000747600000|  0%| F|  |TAMS 0x0000000747400000, 0x0000000747400000| Untracked 
| 571|0x0000000747600000, 0x0000000747600000, 0x0000000747800000|  0%| F|  |TAMS 0x0000000747600000, 0x0000000747600000| Untracked 
| 572|0x0000000747800000, 0x0000000747800000, 0x0000000747a00000|  0%| F|  |TAMS 0x0000000747800000, 0x0000000747800000| Untracked 
| 573|0x0000000747a00000, 0x0000000747a00000, 0x0000000747c00000|  0%| F|  |TAMS 0x0000000747a00000, 0x0000000747a00000| Untracked 
| 574|0x0000000747c00000, 0x0000000747c00000, 0x0000000747e00000|  0%| F|  |TAMS 0x0000000747c00000, 0x0000000747c00000| Untracked 
| 575|0x0000000747e00000, 0x0000000747e00000, 0x0000000748000000|  0%| F|  |TAMS 0x0000000747e00000, 0x0000000747e00000| Untracked 
| 576|0x0000000748000000, 0x0000000748000000, 0x0000000748200000|  0%| F|  |TAMS 0x0000000748000000, 0x0000000748000000| Untracked 
| 577|0x0000000748200000, 0x0000000748200000, 0x0000000748400000|  0%| F|  |TAMS 0x0000000748200000, 0x0000000748200000| Untracked 
| 578|0x0000000748400000, 0x0000000748400000, 0x0000000748600000|  0%| F|  |TAMS 0x0000000748400000, 0x0000000748400000| Untracked 
| 579|0x0000000748600000, 0x0000000748600000, 0x0000000748800000|  0%| F|  |TAMS 0x0000000748600000, 0x0000000748600000| Untracked 
| 580|0x0000000748800000, 0x0000000748800000, 0x0000000748a00000|  0%| F|  |TAMS 0x0000000748800000, 0x0000000748800000| Untracked 
| 581|0x0000000748a00000, 0x0000000748a00000, 0x0000000748c00000|  0%| F|  |TAMS 0x0000000748a00000, 0x0000000748a00000| Untracked 
| 582|0x0000000748c00000, 0x0000000748c00000, 0x0000000748e00000|  0%| F|  |TAMS 0x0000000748c00000, 0x0000000748c00000| Untracked 
| 583|0x0000000748e00000, 0x0000000748e00000, 0x0000000749000000|  0%| F|  |TAMS 0x0000000748e00000, 0x0000000748e00000| Untracked 
| 584|0x0000000749000000, 0x0000000749000000, 0x0000000749200000|  0%| F|  |TAMS 0x0000000749000000, 0x0000000749000000| Untracked 
| 585|0x0000000749200000, 0x0000000749200000, 0x0000000749400000|  0%| F|  |TAMS 0x0000000749200000, 0x0000000749200000| Untracked 
| 586|0x0000000749400000, 0x0000000749400000, 0x0000000749600000|  0%| F|  |TAMS 0x0000000749400000, 0x0000000749400000| Untracked 
| 587|0x0000000749600000, 0x0000000749600000, 0x0000000749800000|  0%| F|  |TAMS 0x0000000749600000, 0x0000000749600000| Untracked 
| 588|0x0000000749800000, 0x0000000749800000, 0x0000000749a00000|  0%| F|  |TAMS 0x0000000749800000, 0x0000000749800000| Untracked 
| 589|0x0000000749a00000, 0x0000000749a00000, 0x0000000749c00000|  0%| F|  |TAMS 0x0000000749a00000, 0x0000000749a00000| Untracked 
| 590|0x0000000749c00000, 0x0000000749c00000, 0x0000000749e00000|  0%| F|  |TAMS 0x0000000749c00000, 0x0000000749c00000| Untracked 
| 591|0x0000000749e00000, 0x0000000749e00000, 0x000000074a000000|  0%| F|  |TAMS 0x0000000749e00000, 0x0000000749e00000| Untracked 
| 592|0x000000074a000000, 0x000000074a000000, 0x000000074a200000|  0%| F|  |TAMS 0x000000074a000000, 0x000000074a000000| Untracked 
| 593|0x000000074a200000, 0x000000074a200000, 0x000000074a400000|  0%| F|  |TAMS 0x000000074a200000, 0x000000074a200000| Untracked 
| 594|0x000000074a400000, 0x000000074a400000, 0x000000074a600000|  0%| F|  |TAMS 0x000000074a400000, 0x000000074a400000| Untracked 
| 595|0x000000074a600000, 0x000000074a600000, 0x000000074a800000|  0%| F|  |TAMS 0x000000074a600000, 0x000000074a600000| Untracked 
| 596|0x000000074a800000, 0x000000074a800000, 0x000000074aa00000|  0%| F|  |TAMS 0x000000074a800000, 0x000000074a800000| Untracked 
| 597|0x000000074aa00000, 0x000000074aa00000, 0x000000074ac00000|  0%| F|  |TAMS 0x000000074aa00000, 0x000000074aa00000| Untracked 
| 598|0x000000074ac00000, 0x000000074ac00000, 0x000000074ae00000|  0%| F|  |TAMS 0x000000074ac00000, 0x000000074ac00000| Untracked 
| 599|0x000000074ae00000, 0x000000074ae00000, 0x000000074b000000|  0%| F|  |TAMS 0x000000074ae00000, 0x000000074ae00000| Untracked 
| 600|0x000000074b000000, 0x000000074b000000, 0x000000074b200000|  0%| F|  |TAMS 0x000000074b000000, 0x000000074b000000| Untracked 
| 601|0x000000074b200000, 0x000000074b200000, 0x000000074b400000|  0%| F|  |TAMS 0x000000074b200000, 0x000000074b200000| Untracked 
| 602|0x000000074b400000, 0x000000074b400000, 0x000000074b600000|  0%| F|  |TAMS 0x000000074b400000, 0x000000074b400000| Untracked 
| 603|0x000000074b600000, 0x000000074b600000, 0x000000074b800000|  0%| F|  |TAMS 0x000000074b600000, 0x000000074b600000| Untracked 
| 604|0x000000074b800000, 0x000000074b800000, 0x000000074ba00000|  0%| F|  |TAMS 0x000000074b800000, 0x000000074b800000| Untracked 
| 605|0x000000074ba00000, 0x000000074ba00000, 0x000000074bc00000|  0%| F|  |TAMS 0x000000074ba00000, 0x000000074ba00000| Untracked 
| 606|0x000000074bc00000, 0x000000074bc00000, 0x000000074be00000|  0%| F|  |TAMS 0x000000074bc00000, 0x000000074bc00000| Untracked 
| 607|0x000000074be00000, 0x000000074be00000, 0x000000074c000000|  0%| F|  |TAMS 0x000000074be00000, 0x000000074be00000| Untracked 
| 608|0x000000074c000000, 0x000000074c000000, 0x000000074c200000|  0%| F|  |TAMS 0x000000074c000000, 0x000000074c000000| Untracked 
| 609|0x000000074c200000, 0x000000074c200000, 0x000000074c400000|  0%| F|  |TAMS 0x000000074c200000, 0x000000074c200000| Untracked 
| 610|0x000000074c400000, 0x000000074c400000, 0x000000074c600000|  0%| F|  |TAMS 0x000000074c400000, 0x000000074c400000| Untracked 
| 611|0x000000074c600000, 0x000000074c600000, 0x000000074c800000|  0%| F|  |TAMS 0x000000074c600000, 0x000000074c600000| Untracked 
| 612|0x000000074c800000, 0x000000074c800000, 0x000000074ca00000|  0%| F|  |TAMS 0x000000074c800000, 0x000000074c800000| Untracked 
| 613|0x000000074ca00000, 0x000000074ca00000, 0x000000074cc00000|  0%| F|  |TAMS 0x000000074ca00000, 0x000000074ca00000| Untracked 
| 614|0x000000074cc00000, 0x000000074cc00000, 0x000000074ce00000|  0%| F|  |TAMS 0x000000074cc00000, 0x000000074cc00000| Untracked 
| 615|0x000000074ce00000, 0x000000074ce00000, 0x000000074d000000|  0%| F|  |TAMS 0x000000074ce00000, 0x000000074ce00000| Untracked 
| 616|0x000000074d000000, 0x000000074d000000, 0x000000074d200000|  0%| F|  |TAMS 0x000000074d000000, 0x000000074d000000| Untracked 
| 617|0x000000074d200000, 0x000000074d200000, 0x000000074d400000|  0%| F|  |TAMS 0x000000074d200000, 0x000000074d200000| Untracked 
| 618|0x000000074d400000, 0x000000074d400000, 0x000000074d600000|  0%| F|  |TAMS 0x000000074d400000, 0x000000074d400000| Untracked 
| 619|0x000000074d600000, 0x000000074d600000, 0x000000074d800000|  0%| F|  |TAMS 0x000000074d600000, 0x000000074d600000| Untracked 
| 620|0x000000074d800000, 0x000000074d800000, 0x000000074da00000|  0%| F|  |TAMS 0x000000074d800000, 0x000000074d800000| Untracked 
| 621|0x000000074da00000, 0x000000074da00000, 0x000000074dc00000|  0%| F|  |TAMS 0x000000074da00000, 0x000000074da00000| Untracked 
| 622|0x000000074dc00000, 0x000000074dc00000, 0x000000074de00000|  0%| F|  |TAMS 0x000000074dc00000, 0x000000074dc00000| Untracked 
| 623|0x000000074de00000, 0x000000074de00000, 0x000000074e000000|  0%| F|  |TAMS 0x000000074de00000, 0x000000074de00000| Untracked 
| 624|0x000000074e000000, 0x000000074e000000, 0x000000074e200000|  0%| F|  |TAMS 0x000000074e000000, 0x000000074e000000| Untracked 
| 625|0x000000074e200000, 0x000000074e200000, 0x000000074e400000|  0%| F|  |TAMS 0x000000074e200000, 0x000000074e200000| Untracked 
| 626|0x000000074e400000, 0x000000074e400000, 0x000000074e600000|  0%| F|  |TAMS 0x000000074e400000, 0x000000074e400000| Untracked 
| 627|0x000000074e600000, 0x000000074e600000, 0x000000074e800000|  0%| F|  |TAMS 0x000000074e600000, 0x000000074e600000| Untracked 
| 628|0x000000074e800000, 0x000000074e800000, 0x000000074ea00000|  0%| F|  |TAMS 0x000000074e800000, 0x000000074e800000| Untracked 
| 629|0x000000074ea00000, 0x000000074ea00000, 0x000000074ec00000|  0%| F|  |TAMS 0x000000074ea00000, 0x000000074ea00000| Untracked 
| 630|0x000000074ec00000, 0x000000074ec00000, 0x000000074ee00000|  0%| F|  |TAMS 0x000000074ec00000, 0x000000074ec00000| Untracked 
| 631|0x000000074ee00000, 0x000000074ee00000, 0x000000074f000000|  0%| F|  |TAMS 0x000000074ee00000, 0x000000074ee00000| Untracked 
| 632|0x000000074f000000, 0x000000074f000000, 0x000000074f200000|  0%| F|  |TAMS 0x000000074f000000, 0x000000074f000000| Untracked 
| 633|0x000000074f200000, 0x000000074f200000, 0x000000074f400000|  0%| F|  |TAMS 0x000000074f200000, 0x000000074f200000| Untracked 
| 634|0x000000074f400000, 0x000000074f400000, 0x000000074f600000|  0%| F|  |TAMS 0x000000074f400000, 0x000000074f400000| Untracked 
| 635|0x000000074f600000, 0x000000074f600000, 0x000000074f800000|  0%| F|  |TAMS 0x000000074f600000, 0x000000074f600000| Untracked 
| 636|0x000000074f800000, 0x000000074f800000, 0x000000074fa00000|  0%| F|  |TAMS 0x000000074f800000, 0x000000074f800000| Untracked 
| 637|0x000000074fa00000, 0x000000074fa00000, 0x000000074fc00000|  0%| F|  |TAMS 0x000000074fa00000, 0x000000074fa00000| Untracked 
| 638|0x000000074fc00000, 0x000000074fc00000, 0x000000074fe00000|  0%| F|  |TAMS 0x000000074fc00000, 0x000000074fc00000| Untracked 
| 639|0x000000074fe00000, 0x000000074fe00000, 0x0000000750000000|  0%| F|  |TAMS 0x000000074fe00000, 0x000000074fe00000| Untracked 
| 640|0x0000000750000000, 0x0000000750000000, 0x0000000750200000|  0%| F|  |TAMS 0x0000000750000000, 0x0000000750000000| Untracked 
| 641|0x0000000750200000, 0x0000000750200000, 0x0000000750400000|  0%| F|  |TAMS 0x0000000750200000, 0x0000000750200000| Untracked 
| 642|0x0000000750400000, 0x0000000750400000, 0x0000000750600000|  0%| F|  |TAMS 0x0000000750400000, 0x0000000750400000| Untracked 
| 643|0x0000000750600000, 0x0000000750600000, 0x0000000750800000|  0%| F|  |TAMS 0x0000000750600000, 0x0000000750600000| Untracked 
| 644|0x0000000750800000, 0x0000000750800000, 0x0000000750a00000|  0%| F|  |TAMS 0x0000000750800000, 0x0000000750800000| Untracked 
| 645|0x0000000750a00000, 0x0000000750a00000, 0x0000000750c00000|  0%| F|  |TAMS 0x0000000750a00000, 0x0000000750a00000| Untracked 
| 646|0x0000000750c00000, 0x0000000750c00000, 0x0000000750e00000|  0%| F|  |TAMS 0x0000000750c00000, 0x0000000750c00000| Untracked 
| 647|0x0000000750e00000, 0x0000000750e00000, 0x0000000751000000|  0%| F|  |TAMS 0x0000000750e00000, 0x0000000750e00000| Untracked 
| 648|0x0000000751000000, 0x0000000751000000, 0x0000000751200000|  0%| F|  |TAMS 0x0000000751000000, 0x0000000751000000| Untracked 
| 649|0x0000000751200000, 0x0000000751200000, 0x0000000751400000|  0%| F|  |TAMS 0x0000000751200000, 0x0000000751200000| Untracked 
| 650|0x0000000751400000, 0x0000000751400000, 0x0000000751600000|  0%| F|  |TAMS 0x0000000751400000, 0x0000000751400000| Untracked 
| 651|0x0000000751600000, 0x0000000751600000, 0x0000000751800000|  0%| F|  |TAMS 0x0000000751600000, 0x0000000751600000| Untracked 
| 652|0x0000000751800000, 0x0000000751800000, 0x0000000751a00000|  0%| F|  |TAMS 0x0000000751800000, 0x0000000751800000| Untracked 
| 653|0x0000000751a00000, 0x0000000751a00000, 0x0000000751c00000|  0%| F|  |TAMS 0x0000000751a00000, 0x0000000751a00000| Untracked 
| 654|0x0000000751c00000, 0x0000000751c00000, 0x0000000751e00000|  0%| F|  |TAMS 0x0000000751c00000, 0x0000000751c00000| Untracked 
| 655|0x0000000751e00000, 0x0000000751e00000, 0x0000000752000000|  0%| F|  |TAMS 0x0000000751e00000, 0x0000000751e00000| Untracked 
| 656|0x0000000752000000, 0x0000000752000000, 0x0000000752200000|  0%| F|  |TAMS 0x0000000752000000, 0x0000000752000000| Untracked 
| 657|0x0000000752200000, 0x0000000752200000, 0x0000000752400000|  0%| F|  |TAMS 0x0000000752200000, 0x0000000752200000| Untracked 
| 658|0x0000000752400000, 0x0000000752400000, 0x0000000752600000|  0%| F|  |TAMS 0x0000000752400000, 0x0000000752400000| Untracked 
| 659|0x0000000752600000, 0x0000000752600000, 0x0000000752800000|  0%| F|  |TAMS 0x0000000752600000, 0x0000000752600000| Untracked 
| 660|0x0000000752800000, 0x0000000752800000, 0x0000000752a00000|  0%| F|  |TAMS 0x0000000752800000, 0x0000000752800000| Untracked 
| 661|0x0000000752a00000, 0x0000000752a00000, 0x0000000752c00000|  0%| F|  |TAMS 0x0000000752a00000, 0x0000000752a00000| Untracked 
| 662|0x0000000752c00000, 0x0000000752c00000, 0x0000000752e00000|  0%| F|  |TAMS 0x0000000752c00000, 0x0000000752c00000| Untracked 
| 663|0x0000000752e00000, 0x0000000752e00000, 0x0000000753000000|  0%| F|  |TAMS 0x0000000752e00000, 0x0000000752e00000| Untracked 
| 664|0x0000000753000000, 0x0000000753000000, 0x0000000753200000|  0%| F|  |TAMS 0x0000000753000000, 0x0000000753000000| Untracked 
| 665|0x0000000753200000, 0x0000000753200000, 0x0000000753400000|  0%| F|  |TAMS 0x0000000753200000, 0x0000000753200000| Untracked 
| 666|0x0000000753400000, 0x0000000753400000, 0x0000000753600000|  0%| F|  |TAMS 0x0000000753400000, 0x0000000753400000| Untracked 
| 667|0x0000000753600000, 0x0000000753600000, 0x0000000753800000|  0%| F|  |TAMS 0x0000000753600000, 0x0000000753600000| Untracked 
| 668|0x0000000753800000, 0x0000000753800000, 0x0000000753a00000|  0%| F|  |TAMS 0x0000000753800000, 0x0000000753800000| Untracked 
| 669|0x0000000753a00000, 0x0000000753a00000, 0x0000000753c00000|  0%| F|  |TAMS 0x0000000753a00000, 0x0000000753a00000| Untracked 
| 670|0x0000000753c00000, 0x0000000753c00000, 0x0000000753e00000|  0%| F|  |TAMS 0x0000000753c00000, 0x0000000753c00000| Untracked 
| 671|0x0000000753e00000, 0x0000000753e00000, 0x0000000754000000|  0%| F|  |TAMS 0x0000000753e00000, 0x0000000753e00000| Untracked 
| 672|0x0000000754000000, 0x0000000754000000, 0x0000000754200000|  0%| F|  |TAMS 0x0000000754000000, 0x0000000754000000| Untracked 
| 673|0x0000000754200000, 0x0000000754200000, 0x0000000754400000|  0%| F|  |TAMS 0x0000000754200000, 0x0000000754200000| Untracked 
| 674|0x0000000754400000, 0x0000000754400000, 0x0000000754600000|  0%| F|  |TAMS 0x0000000754400000, 0x0000000754400000| Untracked 
| 675|0x0000000754600000, 0x0000000754600000, 0x0000000754800000|  0%| F|  |TAMS 0x0000000754600000, 0x0000000754600000| Untracked 
| 676|0x0000000754800000, 0x0000000754800000, 0x0000000754a00000|  0%| F|  |TAMS 0x0000000754800000, 0x0000000754800000| Untracked 
| 677|0x0000000754a00000, 0x0000000754a00000, 0x0000000754c00000|  0%| F|  |TAMS 0x0000000754a00000, 0x0000000754a00000| Untracked 
| 678|0x0000000754c00000, 0x0000000754c00000, 0x0000000754e00000|  0%| F|  |TAMS 0x0000000754c00000, 0x0000000754c00000| Untracked 
| 679|0x0000000754e00000, 0x0000000754e00000, 0x0000000755000000|  0%| F|  |TAMS 0x0000000754e00000, 0x0000000754e00000| Untracked 
| 680|0x0000000755000000, 0x0000000755000000, 0x0000000755200000|  0%| F|  |TAMS 0x0000000755000000, 0x0000000755000000| Untracked 
| 681|0x0000000755200000, 0x0000000755200000, 0x0000000755400000|  0%| F|  |TAMS 0x0000000755200000, 0x0000000755200000| Untracked 
| 682|0x0000000755400000, 0x0000000755400000, 0x0000000755600000|  0%| F|  |TAMS 0x0000000755400000, 0x0000000755400000| Untracked 
| 683|0x0000000755600000, 0x0000000755600000, 0x0000000755800000|  0%| F|  |TAMS 0x0000000755600000, 0x0000000755600000| Untracked 
| 684|0x0000000755800000, 0x0000000755800000, 0x0000000755a00000|  0%| F|  |TAMS 0x0000000755800000, 0x0000000755800000| Untracked 
| 685|0x0000000755a00000, 0x0000000755a00000, 0x0000000755c00000|  0%| F|  |TAMS 0x0000000755a00000, 0x0000000755a00000| Untracked 
| 686|0x0000000755c00000, 0x0000000755c00000, 0x0000000755e00000|  0%| F|  |TAMS 0x0000000755c00000, 0x0000000755c00000| Untracked 
| 687|0x0000000755e00000, 0x0000000755e00000, 0x0000000756000000|  0%| F|  |TAMS 0x0000000755e00000, 0x0000000755e00000| Untracked 
| 688|0x0000000756000000, 0x0000000756000000, 0x0000000756200000|  0%| F|  |TAMS 0x0000000756000000, 0x0000000756000000| Untracked 
| 689|0x0000000756200000, 0x0000000756200000, 0x0000000756400000|  0%| F|  |TAMS 0x0000000756200000, 0x0000000756200000| Untracked 
| 690|0x0000000756400000, 0x0000000756400000, 0x0000000756600000|  0%| F|  |TAMS 0x0000000756400000, 0x0000000756400000| Untracked 
| 691|0x0000000756600000, 0x0000000756600000, 0x0000000756800000|  0%| F|  |TAMS 0x0000000756600000, 0x0000000756600000| Untracked 
| 692|0x0000000756800000, 0x0000000756800000, 0x0000000756a00000|  0%| F|  |TAMS 0x0000000756800000, 0x0000000756800000| Untracked 
| 693|0x0000000756a00000, 0x0000000756a00000, 0x0000000756c00000|  0%| F|  |TAMS 0x0000000756a00000, 0x0000000756a00000| Untracked 
| 694|0x0000000756c00000, 0x0000000756c00000, 0x0000000756e00000|  0%| F|  |TAMS 0x0000000756c00000, 0x0000000756c00000| Untracked 
| 695|0x0000000756e00000, 0x0000000756e00000, 0x0000000757000000|  0%| F|  |TAMS 0x0000000756e00000, 0x0000000756e00000| Untracked 
| 696|0x0000000757000000, 0x0000000757000000, 0x0000000757200000|  0%| F|  |TAMS 0x0000000757000000, 0x0000000757000000| Untracked 
| 697|0x0000000757200000, 0x0000000757200000, 0x0000000757400000|  0%| F|  |TAMS 0x0000000757200000, 0x0000000757200000| Untracked 
| 698|0x0000000757400000, 0x0000000757400000, 0x0000000757600000|  0%| F|  |TAMS 0x0000000757400000, 0x0000000757400000| Untracked 
| 699|0x0000000757600000, 0x0000000757600000, 0x0000000757800000|  0%| F|  |TAMS 0x0000000757600000, 0x0000000757600000| Untracked 
| 700|0x0000000757800000, 0x0000000757800000, 0x0000000757a00000|  0%| F|  |TAMS 0x0000000757800000, 0x0000000757800000| Untracked 
| 701|0x0000000757a00000, 0x0000000757a00000, 0x0000000757c00000|  0%| F|  |TAMS 0x0000000757a00000, 0x0000000757a00000| Untracked 
| 702|0x0000000757c00000, 0x0000000757c00000, 0x0000000757e00000|  0%| F|  |TAMS 0x0000000757c00000, 0x0000000757c00000| Untracked 
| 703|0x0000000757e00000, 0x0000000757e00000, 0x0000000758000000|  0%| F|  |TAMS 0x0000000757e00000, 0x0000000757e00000| Untracked 
| 704|0x0000000758000000, 0x0000000758000000, 0x0000000758200000|  0%| F|  |TAMS 0x0000000758000000, 0x0000000758000000| Untracked 
| 705|0x0000000758200000, 0x0000000758200000, 0x0000000758400000|  0%| F|  |TAMS 0x0000000758200000, 0x0000000758200000| Untracked 
| 706|0x0000000758400000, 0x0000000758400000, 0x0000000758600000|  0%| F|  |TAMS 0x0000000758400000, 0x0000000758400000| Untracked 
| 707|0x0000000758600000, 0x0000000758600000, 0x0000000758800000|  0%| F|  |TAMS 0x0000000758600000, 0x0000000758600000| Untracked 
| 708|0x0000000758800000, 0x0000000758800000, 0x0000000758a00000|  0%| F|  |TAMS 0x0000000758800000, 0x0000000758800000| Untracked 
| 709|0x0000000758a00000, 0x0000000758a00000, 0x0000000758c00000|  0%| F|  |TAMS 0x0000000758a00000, 0x0000000758a00000| Untracked 
| 710|0x0000000758c00000, 0x0000000758c00000, 0x0000000758e00000|  0%| F|  |TAMS 0x0000000758c00000, 0x0000000758c00000| Untracked 
| 711|0x0000000758e00000, 0x0000000758e00000, 0x0000000759000000|  0%| F|  |TAMS 0x0000000758e00000, 0x0000000758e00000| Untracked 
| 712|0x0000000759000000, 0x0000000759000000, 0x0000000759200000|  0%| F|  |TAMS 0x0000000759000000, 0x0000000759000000| Untracked 
| 713|0x0000000759200000, 0x0000000759200000, 0x0000000759400000|  0%| F|  |TAMS 0x0000000759200000, 0x0000000759200000| Untracked 
| 714|0x0000000759400000, 0x0000000759400000, 0x0000000759600000|  0%| F|  |TAMS 0x0000000759400000, 0x0000000759400000| Untracked 
| 715|0x0000000759600000, 0x0000000759600000, 0x0000000759800000|  0%| F|  |TAMS 0x0000000759600000, 0x0000000759600000| Untracked 
| 716|0x0000000759800000, 0x0000000759800000, 0x0000000759a00000|  0%| F|  |TAMS 0x0000000759800000, 0x0000000759800000| Untracked 
| 717|0x0000000759a00000, 0x0000000759a00000, 0x0000000759c00000|  0%| F|  |TAMS 0x0000000759a00000, 0x0000000759a00000| Untracked 
| 718|0x0000000759c00000, 0x0000000759c00000, 0x0000000759e00000|  0%| F|  |TAMS 0x0000000759c00000, 0x0000000759c00000| Untracked 
| 719|0x0000000759e00000, 0x0000000759e00000, 0x000000075a000000|  0%| F|  |TAMS 0x0000000759e00000, 0x0000000759e00000| Untracked 
| 720|0x000000075a000000, 0x000000075a000000, 0x000000075a200000|  0%| F|  |TAMS 0x000000075a000000, 0x000000075a000000| Untracked 
| 721|0x000000075a200000, 0x000000075a200000, 0x000000075a400000|  0%| F|  |TAMS 0x000000075a200000, 0x000000075a200000| Untracked 
| 722|0x000000075a400000, 0x000000075a400000, 0x000000075a600000|  0%| F|  |TAMS 0x000000075a400000, 0x000000075a400000| Untracked 
| 723|0x000000075a600000, 0x000000075a600000, 0x000000075a800000|  0%| F|  |TAMS 0x000000075a600000, 0x000000075a600000| Untracked 
| 724|0x000000075a800000, 0x000000075a800000, 0x000000075aa00000|  0%| F|  |TAMS 0x000000075a800000, 0x000000075a800000| Untracked 
| 725|0x000000075aa00000, 0x000000075aa00000, 0x000000075ac00000|  0%| F|  |TAMS 0x000000075aa00000, 0x000000075aa00000| Untracked 
| 726|0x000000075ac00000, 0x000000075ac00000, 0x000000075ae00000|  0%| F|  |TAMS 0x000000075ac00000, 0x000000075ac00000| Untracked 
| 727|0x000000075ae00000, 0x000000075ae00000, 0x000000075b000000|  0%| F|  |TAMS 0x000000075ae00000, 0x000000075ae00000| Untracked 
| 728|0x000000075b000000, 0x000000075b000000, 0x000000075b200000|  0%| F|  |TAMS 0x000000075b000000, 0x000000075b000000| Untracked 
| 729|0x000000075b200000, 0x000000075b200000, 0x000000075b400000|  0%| F|  |TAMS 0x000000075b200000, 0x000000075b200000| Untracked 
| 730|0x000000075b400000, 0x000000075b400000, 0x000000075b600000|  0%| F|  |TAMS 0x000000075b400000, 0x000000075b400000| Untracked 
| 731|0x000000075b600000, 0x000000075b600000, 0x000000075b800000|  0%| F|  |TAMS 0x000000075b600000, 0x000000075b600000| Untracked 
| 732|0x000000075b800000, 0x000000075b800000, 0x000000075ba00000|  0%| F|  |TAMS 0x000000075b800000, 0x000000075b800000| Untracked 
| 733|0x000000075ba00000, 0x000000075ba00000, 0x000000075bc00000|  0%| F|  |TAMS 0x000000075ba00000, 0x000000075ba00000| Untracked 
| 734|0x000000075bc00000, 0x000000075bc00000, 0x000000075be00000|  0%| F|  |TAMS 0x000000075bc00000, 0x000000075bc00000| Untracked 
| 735|0x000000075be00000, 0x000000075be00000, 0x000000075c000000|  0%| F|  |TAMS 0x000000075be00000, 0x000000075be00000| Untracked 
| 736|0x000000075c000000, 0x000000075c000000, 0x000000075c200000|  0%| F|  |TAMS 0x000000075c000000, 0x000000075c000000| Untracked 
| 737|0x000000075c200000, 0x000000075c200000, 0x000000075c400000|  0%| F|  |TAMS 0x000000075c200000, 0x000000075c200000| Untracked 
| 738|0x000000075c400000, 0x000000075c400000, 0x000000075c600000|  0%| F|  |TAMS 0x000000075c400000, 0x000000075c400000| Untracked 
| 739|0x000000075c600000, 0x000000075c600000, 0x000000075c800000|  0%| F|  |TAMS 0x000000075c600000, 0x000000075c600000| Untracked 
| 740|0x000000075c800000, 0x000000075c800000, 0x000000075ca00000|  0%| F|  |TAMS 0x000000075c800000, 0x000000075c800000| Untracked 
| 741|0x000000075ca00000, 0x000000075ca00000, 0x000000075cc00000|  0%| F|  |TAMS 0x000000075ca00000, 0x000000075ca00000| Untracked 
| 742|0x000000075cc00000, 0x000000075cc00000, 0x000000075ce00000|  0%| F|  |TAMS 0x000000075cc00000, 0x000000075cc00000| Untracked 
| 743|0x000000075ce00000, 0x000000075ce00000, 0x000000075d000000|  0%| F|  |TAMS 0x000000075ce00000, 0x000000075ce00000| Untracked 
| 744|0x000000075d000000, 0x000000075d000000, 0x000000075d200000|  0%| F|  |TAMS 0x000000075d000000, 0x000000075d000000| Untracked 
| 745|0x000000075d200000, 0x000000075d200000, 0x000000075d400000|  0%| F|  |TAMS 0x000000075d200000, 0x000000075d200000| Untracked 
| 746|0x000000075d400000, 0x000000075d400000, 0x000000075d600000|  0%| F|  |TAMS 0x000000075d400000, 0x000000075d400000| Untracked 
| 747|0x000000075d600000, 0x000000075d600000, 0x000000075d800000|  0%| F|  |TAMS 0x000000075d600000, 0x000000075d600000| Untracked 
| 748|0x000000075d800000, 0x000000075d800000, 0x000000075da00000|  0%| F|  |TAMS 0x000000075d800000, 0x000000075d800000| Untracked 
| 749|0x000000075da00000, 0x000000075da00000, 0x000000075dc00000|  0%| F|  |TAMS 0x000000075da00000, 0x000000075da00000| Untracked 
| 750|0x000000075dc00000, 0x000000075dc00000, 0x000000075de00000|  0%| F|  |TAMS 0x000000075dc00000, 0x000000075dc00000| Untracked 
| 751|0x000000075de00000, 0x000000075de00000, 0x000000075e000000|  0%| F|  |TAMS 0x000000075de00000, 0x000000075de00000| Untracked 
| 752|0x000000075e000000, 0x000000075e000000, 0x000000075e200000|  0%| F|  |TAMS 0x000000075e000000, 0x000000075e000000| Untracked 
| 753|0x000000075e200000, 0x000000075e200000, 0x000000075e400000|  0%| F|  |TAMS 0x000000075e200000, 0x000000075e200000| Untracked 
| 754|0x000000075e400000, 0x000000075e400000, 0x000000075e600000|  0%| F|  |TAMS 0x000000075e400000, 0x000000075e400000| Untracked 
| 755|0x000000075e600000, 0x000000075e600000, 0x000000075e800000|  0%| F|  |TAMS 0x000000075e600000, 0x000000075e600000| Untracked 
| 756|0x000000075e800000, 0x000000075e800000, 0x000000075ea00000|  0%| F|  |TAMS 0x000000075e800000, 0x000000075e800000| Untracked 
| 757|0x000000075ea00000, 0x000000075ea00000, 0x000000075ec00000|  0%| F|  |TAMS 0x000000075ea00000, 0x000000075ea00000| Untracked 
| 758|0x000000075ec00000, 0x000000075ec00000, 0x000000075ee00000|  0%| F|  |TAMS 0x000000075ec00000, 0x000000075ec00000| Untracked 
| 759|0x000000075ee00000, 0x000000075ee00000, 0x000000075f000000|  0%| F|  |TAMS 0x000000075ee00000, 0x000000075ee00000| Untracked 
| 760|0x000000075f000000, 0x000000075f000000, 0x000000075f200000|  0%| F|  |TAMS 0x000000075f000000, 0x000000075f000000| Untracked 
| 761|0x000000075f200000, 0x000000075f200000, 0x000000075f400000|  0%| F|  |TAMS 0x000000075f200000, 0x000000075f200000| Untracked 
| 762|0x000000075f400000, 0x000000075f400000, 0x000000075f600000|  0%| F|  |TAMS 0x000000075f400000, 0x000000075f400000| Untracked 
| 763|0x000000075f600000, 0x000000075f600000, 0x000000075f800000|  0%| F|  |TAMS 0x000000075f600000, 0x000000075f600000| Untracked 
| 764|0x000000075f800000, 0x000000075f800000, 0x000000075fa00000|  0%| F|  |TAMS 0x000000075f800000, 0x000000075f800000| Untracked 
| 765|0x000000075fa00000, 0x000000075fa00000, 0x000000075fc00000|  0%| F|  |TAMS 0x000000075fa00000, 0x000000075fa00000| Untracked 
| 766|0x000000075fc00000, 0x000000075fc00000, 0x000000075fe00000|  0%| F|  |TAMS 0x000000075fc00000, 0x000000075fc00000| Untracked 
| 767|0x000000075fe00000, 0x000000075fe00000, 0x0000000760000000|  0%| F|  |TAMS 0x000000075fe00000, 0x000000075fe00000| Untracked 
| 768|0x0000000760000000, 0x0000000760000000, 0x0000000760200000|  0%| F|  |TAMS 0x0000000760000000, 0x0000000760000000| Untracked 
| 769|0x0000000760200000, 0x0000000760200000, 0x0000000760400000|  0%| F|  |TAMS 0x0000000760200000, 0x0000000760200000| Untracked 
| 770|0x0000000760400000, 0x0000000760400000, 0x0000000760600000|  0%| F|  |TAMS 0x0000000760400000, 0x0000000760400000| Untracked 
| 771|0x0000000760600000, 0x0000000760600000, 0x0000000760800000|  0%| F|  |TAMS 0x0000000760600000, 0x0000000760600000| Untracked 
| 772|0x0000000760800000, 0x0000000760800000, 0x0000000760a00000|  0%| F|  |TAMS 0x0000000760800000, 0x0000000760800000| Untracked 
| 773|0x0000000760a00000, 0x0000000760a00000, 0x0000000760c00000|  0%| F|  |TAMS 0x0000000760a00000, 0x0000000760a00000| Untracked 
| 774|0x0000000760c00000, 0x0000000760c00000, 0x0000000760e00000|  0%| F|  |TAMS 0x0000000760c00000, 0x0000000760c00000| Untracked 
| 775|0x0000000760e00000, 0x0000000760e00000, 0x0000000761000000|  0%| F|  |TAMS 0x0000000760e00000, 0x0000000760e00000| Untracked 
| 776|0x0000000761000000, 0x0000000761000000, 0x0000000761200000|  0%| F|  |TAMS 0x0000000761000000, 0x0000000761000000| Untracked 
| 777|0x0000000761200000, 0x0000000761200000, 0x0000000761400000|  0%| F|  |TAMS 0x0000000761200000, 0x0000000761200000| Untracked 
| 778|0x0000000761400000, 0x0000000761400000, 0x0000000761600000|  0%| F|  |TAMS 0x0000000761400000, 0x0000000761400000| Untracked 
| 779|0x0000000761600000, 0x0000000761600000, 0x0000000761800000|  0%| F|  |TAMS 0x0000000761600000, 0x0000000761600000| Untracked 
| 780|0x0000000761800000, 0x0000000761800000, 0x0000000761a00000|  0%| F|  |TAMS 0x0000000761800000, 0x0000000761800000| Untracked 
| 781|0x0000000761a00000, 0x0000000761a00000, 0x0000000761c00000|  0%| F|  |TAMS 0x0000000761a00000, 0x0000000761a00000| Untracked 
| 782|0x0000000761c00000, 0x0000000761c00000, 0x0000000761e00000|  0%| F|  |TAMS 0x0000000761c00000, 0x0000000761c00000| Untracked 
| 783|0x0000000761e00000, 0x0000000761e00000, 0x0000000762000000|  0%| F|  |TAMS 0x0000000761e00000, 0x0000000761e00000| Untracked 
| 784|0x0000000762000000, 0x0000000762000000, 0x0000000762200000|  0%| F|  |TAMS 0x0000000762000000, 0x0000000762000000| Untracked 
| 785|0x0000000762200000, 0x0000000762200000, 0x0000000762400000|  0%| F|  |TAMS 0x0000000762200000, 0x0000000762200000| Untracked 
| 786|0x0000000762400000, 0x0000000762400000, 0x0000000762600000|  0%| F|  |TAMS 0x0000000762400000, 0x0000000762400000| Untracked 
| 787|0x0000000762600000, 0x0000000762600000, 0x0000000762800000|  0%| F|  |TAMS 0x0000000762600000, 0x0000000762600000| Untracked 
| 788|0x0000000762800000, 0x0000000762800000, 0x0000000762a00000|  0%| F|  |TAMS 0x0000000762800000, 0x0000000762800000| Untracked 
| 789|0x0000000762a00000, 0x0000000762a00000, 0x0000000762c00000|  0%| F|  |TAMS 0x0000000762a00000, 0x0000000762a00000| Untracked 
| 790|0x0000000762c00000, 0x0000000762c00000, 0x0000000762e00000|  0%| F|  |TAMS 0x0000000762c00000, 0x0000000762c00000| Untracked 
| 791|0x0000000762e00000, 0x0000000762e00000, 0x0000000763000000|  0%| F|  |TAMS 0x0000000762e00000, 0x0000000762e00000| Untracked 
| 792|0x0000000763000000, 0x0000000763000000, 0x0000000763200000|  0%| F|  |TAMS 0x0000000763000000, 0x0000000763000000| Untracked 
| 793|0x0000000763200000, 0x0000000763200000, 0x0000000763400000|  0%| F|  |TAMS 0x0000000763200000, 0x0000000763200000| Untracked 
| 794|0x0000000763400000, 0x0000000763400000, 0x0000000763600000|  0%| F|  |TAMS 0x0000000763400000, 0x0000000763400000| Untracked 
| 795|0x0000000763600000, 0x0000000763600000, 0x0000000763800000|  0%| F|  |TAMS 0x0000000763600000, 0x0000000763600000| Untracked 
| 796|0x0000000763800000, 0x0000000763800000, 0x0000000763a00000|  0%| F|  |TAMS 0x0000000763800000, 0x0000000763800000| Untracked 
| 797|0x0000000763a00000, 0x0000000763a00000, 0x0000000763c00000|  0%| F|  |TAMS 0x0000000763a00000, 0x0000000763a00000| Untracked 
| 798|0x0000000763c00000, 0x0000000763c00000, 0x0000000763e00000|  0%| F|  |TAMS 0x0000000763c00000, 0x0000000763c00000| Untracked 
| 799|0x0000000763e00000, 0x0000000763e00000, 0x0000000764000000|  0%| F|  |TAMS 0x0000000763e00000, 0x0000000763e00000| Untracked 
| 800|0x0000000764000000, 0x0000000764000000, 0x0000000764200000|  0%| F|  |TAMS 0x0000000764000000, 0x0000000764000000| Untracked 
| 801|0x0000000764200000, 0x0000000764200000, 0x0000000764400000|  0%| F|  |TAMS 0x0000000764200000, 0x0000000764200000| Untracked 
| 802|0x0000000764400000, 0x0000000764400000, 0x0000000764600000|  0%| F|  |TAMS 0x0000000764400000, 0x0000000764400000| Untracked 
| 803|0x0000000764600000, 0x0000000764600000, 0x0000000764800000|  0%| F|  |TAMS 0x0000000764600000, 0x0000000764600000| Untracked 
| 804|0x0000000764800000, 0x0000000764800000, 0x0000000764a00000|  0%| F|  |TAMS 0x0000000764800000, 0x0000000764800000| Untracked 
| 805|0x0000000764a00000, 0x0000000764a00000, 0x0000000764c00000|  0%| F|  |TAMS 0x0000000764a00000, 0x0000000764a00000| Untracked 
| 806|0x0000000764c00000, 0x0000000764c00000, 0x0000000764e00000|  0%| F|  |TAMS 0x0000000764c00000, 0x0000000764c00000| Untracked 
| 807|0x0000000764e00000, 0x0000000764e00000, 0x0000000765000000|  0%| F|  |TAMS 0x0000000764e00000, 0x0000000764e00000| Untracked 
| 808|0x0000000765000000, 0x0000000765000000, 0x0000000765200000|  0%| F|  |TAMS 0x0000000765000000, 0x0000000765000000| Untracked 
| 809|0x0000000765200000, 0x0000000765200000, 0x0000000765400000|  0%| F|  |TAMS 0x0000000765200000, 0x0000000765200000| Untracked 
| 810|0x0000000765400000, 0x0000000765400000, 0x0000000765600000|  0%| F|  |TAMS 0x0000000765400000, 0x0000000765400000| Untracked 
| 811|0x0000000765600000, 0x0000000765600000, 0x0000000765800000|  0%| F|  |TAMS 0x0000000765600000, 0x0000000765600000| Untracked 
| 812|0x0000000765800000, 0x0000000765800000, 0x0000000765a00000|  0%| F|  |TAMS 0x0000000765800000, 0x0000000765800000| Untracked 
| 813|0x0000000765a00000, 0x0000000765a00000, 0x0000000765c00000|  0%| F|  |TAMS 0x0000000765a00000, 0x0000000765a00000| Untracked 
| 814|0x0000000765c00000, 0x0000000765c00000, 0x0000000765e00000|  0%| F|  |TAMS 0x0000000765c00000, 0x0000000765c00000| Untracked 
| 815|0x0000000765e00000, 0x0000000765e00000, 0x0000000766000000|  0%| F|  |TAMS 0x0000000765e00000, 0x0000000765e00000| Untracked 
| 816|0x0000000766000000, 0x0000000766000000, 0x0000000766200000|  0%| F|  |TAMS 0x0000000766000000, 0x0000000766000000| Untracked 
| 817|0x0000000766200000, 0x0000000766200000, 0x0000000766400000|  0%| F|  |TAMS 0x0000000766200000, 0x0000000766200000| Untracked 
| 818|0x0000000766400000, 0x0000000766400000, 0x0000000766600000|  0%| F|  |TAMS 0x0000000766400000, 0x0000000766400000| Untracked 
| 819|0x0000000766600000, 0x0000000766600000, 0x0000000766800000|  0%| F|  |TAMS 0x0000000766600000, 0x0000000766600000| Untracked 
| 820|0x0000000766800000, 0x0000000766800000, 0x0000000766a00000|  0%| F|  |TAMS 0x0000000766800000, 0x0000000766800000| Untracked 
| 821|0x0000000766a00000, 0x0000000766a00000, 0x0000000766c00000|  0%| F|  |TAMS 0x0000000766a00000, 0x0000000766a00000| Untracked 
| 822|0x0000000766c00000, 0x0000000766c00000, 0x0000000766e00000|  0%| F|  |TAMS 0x0000000766c00000, 0x0000000766c00000| Untracked 
| 823|0x0000000766e00000, 0x0000000766e00000, 0x0000000767000000|  0%| F|  |TAMS 0x0000000766e00000, 0x0000000766e00000| Untracked 
| 824|0x0000000767000000, 0x0000000767000000, 0x0000000767200000|  0%| F|  |TAMS 0x0000000767000000, 0x0000000767000000| Untracked 
| 825|0x0000000767200000, 0x0000000767200000, 0x0000000767400000|  0%| F|  |TAMS 0x0000000767200000, 0x0000000767200000| Untracked 
| 826|0x0000000767400000, 0x0000000767400000, 0x0000000767600000|  0%| F|  |TAMS 0x0000000767400000, 0x0000000767400000| Untracked 
| 827|0x0000000767600000, 0x0000000767600000, 0x0000000767800000|  0%| F|  |TAMS 0x0000000767600000, 0x0000000767600000| Untracked 
| 828|0x0000000767800000, 0x0000000767800000, 0x0000000767a00000|  0%| F|  |TAMS 0x0000000767800000, 0x0000000767800000| Untracked 
| 829|0x0000000767a00000, 0x0000000767a00000, 0x0000000767c00000|  0%| F|  |TAMS 0x0000000767a00000, 0x0000000767a00000| Untracked 
| 830|0x0000000767c00000, 0x0000000767c00000, 0x0000000767e00000|  0%| F|  |TAMS 0x0000000767c00000, 0x0000000767c00000| Untracked 
| 831|0x0000000767e00000, 0x0000000767e00000, 0x0000000768000000|  0%| F|  |TAMS 0x0000000767e00000, 0x0000000767e00000| Untracked 
| 832|0x0000000768000000, 0x0000000768000000, 0x0000000768200000|  0%| F|  |TAMS 0x0000000768000000, 0x0000000768000000| Untracked 
| 833|0x0000000768200000, 0x0000000768200000, 0x0000000768400000|  0%| F|  |TAMS 0x0000000768200000, 0x0000000768200000| Untracked 
| 834|0x0000000768400000, 0x0000000768400000, 0x0000000768600000|  0%| F|  |TAMS 0x0000000768400000, 0x0000000768400000| Untracked 
| 835|0x0000000768600000, 0x0000000768600000, 0x0000000768800000|  0%| F|  |TAMS 0x0000000768600000, 0x0000000768600000| Untracked 
| 836|0x0000000768800000, 0x0000000768800000, 0x0000000768a00000|  0%| F|  |TAMS 0x0000000768800000, 0x0000000768800000| Untracked 
| 837|0x0000000768a00000, 0x0000000768a00000, 0x0000000768c00000|  0%| F|  |TAMS 0x0000000768a00000, 0x0000000768a00000| Untracked 
| 838|0x0000000768c00000, 0x0000000768c00000, 0x0000000768e00000|  0%| F|  |TAMS 0x0000000768c00000, 0x0000000768c00000| Untracked 
| 839|0x0000000768e00000, 0x0000000768e00000, 0x0000000769000000|  0%| F|  |TAMS 0x0000000768e00000, 0x0000000768e00000| Untracked 
| 840|0x0000000769000000, 0x0000000769000000, 0x0000000769200000|  0%| F|  |TAMS 0x0000000769000000, 0x0000000769000000| Untracked 
| 841|0x0000000769200000, 0x0000000769200000, 0x0000000769400000|  0%| F|  |TAMS 0x0000000769200000, 0x0000000769200000| Untracked 
| 842|0x0000000769400000, 0x0000000769400000, 0x0000000769600000|  0%| F|  |TAMS 0x0000000769400000, 0x0000000769400000| Untracked 
| 843|0x0000000769600000, 0x0000000769600000, 0x0000000769800000|  0%| F|  |TAMS 0x0000000769600000, 0x0000000769600000| Untracked 
| 844|0x0000000769800000, 0x0000000769800000, 0x0000000769a00000|  0%| F|  |TAMS 0x0000000769800000, 0x0000000769800000| Untracked 
| 845|0x0000000769a00000, 0x0000000769a00000, 0x0000000769c00000|  0%| F|  |TAMS 0x0000000769a00000, 0x0000000769a00000| Untracked 
| 846|0x0000000769c00000, 0x0000000769c00000, 0x0000000769e00000|  0%| F|  |TAMS 0x0000000769c00000, 0x0000000769c00000| Untracked 
| 847|0x0000000769e00000, 0x0000000769e00000, 0x000000076a000000|  0%| F|  |TAMS 0x0000000769e00000, 0x0000000769e00000| Untracked 
| 848|0x000000076a000000, 0x000000076a000000, 0x000000076a200000|  0%| F|  |TAMS 0x000000076a000000, 0x000000076a000000| Untracked 
| 849|0x000000076a200000, 0x000000076a200000, 0x000000076a400000|  0%| F|  |TAMS 0x000000076a200000, 0x000000076a200000| Untracked 
| 850|0x000000076a400000, 0x000000076a400000, 0x000000076a600000|  0%| F|  |TAMS 0x000000076a400000, 0x000000076a400000| Untracked 
| 851|0x000000076a600000, 0x000000076a600000, 0x000000076a800000|  0%| F|  |TAMS 0x000000076a600000, 0x000000076a600000| Untracked 
| 852|0x000000076a800000, 0x000000076a800000, 0x000000076aa00000|  0%| F|  |TAMS 0x000000076a800000, 0x000000076a800000| Untracked 
| 853|0x000000076aa00000, 0x000000076aa00000, 0x000000076ac00000|  0%| F|  |TAMS 0x000000076aa00000, 0x000000076aa00000| Untracked 
| 854|0x000000076ac00000, 0x000000076ac00000, 0x000000076ae00000|  0%| F|  |TAMS 0x000000076ac00000, 0x000000076ac00000| Untracked 
| 855|0x000000076ae00000, 0x000000076ae00000, 0x000000076b000000|  0%| F|  |TAMS 0x000000076ae00000, 0x000000076ae00000| Untracked 
| 856|0x000000076b000000, 0x000000076b000000, 0x000000076b200000|  0%| F|  |TAMS 0x000000076b000000, 0x000000076b000000| Untracked 
| 857|0x000000076b200000, 0x000000076b200000, 0x000000076b400000|  0%| F|  |TAMS 0x000000076b200000, 0x000000076b200000| Untracked 
| 858|0x000000076b400000, 0x000000076b400000, 0x000000076b600000|  0%| F|  |TAMS 0x000000076b400000, 0x000000076b400000| Untracked 
| 859|0x000000076b600000, 0x000000076b600000, 0x000000076b800000|  0%| F|  |TAMS 0x000000076b600000, 0x000000076b600000| Untracked 
| 860|0x000000076b800000, 0x000000076b800000, 0x000000076ba00000|  0%| F|  |TAMS 0x000000076b800000, 0x000000076b800000| Untracked 
| 861|0x000000076ba00000, 0x000000076ba00000, 0x000000076bc00000|  0%| F|  |TAMS 0x000000076ba00000, 0x000000076ba00000| Untracked 
| 862|0x000000076bc00000, 0x000000076bc00000, 0x000000076be00000|  0%| F|  |TAMS 0x000000076bc00000, 0x000000076bc00000| Untracked 
| 863|0x000000076be00000, 0x000000076be00000, 0x000000076c000000|  0%| F|  |TAMS 0x000000076be00000, 0x000000076be00000| Untracked 
| 864|0x000000076c000000, 0x000000076c000000, 0x000000076c200000|  0%| F|  |TAMS 0x000000076c000000, 0x000000076c000000| Untracked 
| 865|0x000000076c200000, 0x000000076c200000, 0x000000076c400000|  0%| F|  |TAMS 0x000000076c200000, 0x000000076c200000| Untracked 
| 866|0x000000076c400000, 0x000000076c400000, 0x000000076c600000|  0%| F|  |TAMS 0x000000076c400000, 0x000000076c400000| Untracked 
| 867|0x000000076c600000, 0x000000076c600000, 0x000000076c800000|  0%| F|  |TAMS 0x000000076c600000, 0x000000076c600000| Untracked 
| 868|0x000000076c800000, 0x000000076c800000, 0x000000076ca00000|  0%| F|  |TAMS 0x000000076c800000, 0x000000076c800000| Untracked 
| 869|0x000000076ca00000, 0x000000076ca00000, 0x000000076cc00000|  0%| F|  |TAMS 0x000000076ca00000, 0x000000076ca00000| Untracked 
| 870|0x000000076cc00000, 0x000000076cc00000, 0x000000076ce00000|  0%| F|  |TAMS 0x000000076cc00000, 0x000000076cc00000| Untracked 
| 871|0x000000076ce00000, 0x000000076ce00000, 0x000000076d000000|  0%| F|  |TAMS 0x000000076ce00000, 0x000000076ce00000| Untracked 
| 872|0x000000076d000000, 0x000000076d000000, 0x000000076d200000|  0%| F|  |TAMS 0x000000076d000000, 0x000000076d000000| Untracked 
| 873|0x000000076d200000, 0x000000076d200000, 0x000000076d400000|  0%| F|  |TAMS 0x000000076d200000, 0x000000076d200000| Untracked 
| 874|0x000000076d400000, 0x000000076d400000, 0x000000076d600000|  0%| F|  |TAMS 0x000000076d400000, 0x000000076d400000| Untracked 
| 875|0x000000076d600000, 0x000000076d600000, 0x000000076d800000|  0%| F|  |TAMS 0x000000076d600000, 0x000000076d600000| Untracked 
| 876|0x000000076d800000, 0x000000076d800000, 0x000000076da00000|  0%| F|  |TAMS 0x000000076d800000, 0x000000076d800000| Untracked 
| 877|0x000000076da00000, 0x000000076da00000, 0x000000076dc00000|  0%| F|  |TAMS 0x000000076da00000, 0x000000076da00000| Untracked 
| 878|0x000000076dc00000, 0x000000076dc00000, 0x000000076de00000|  0%| F|  |TAMS 0x000000076dc00000, 0x000000076dc00000| Untracked 
| 879|0x000000076de00000, 0x000000076de00000, 0x000000076e000000|  0%| F|  |TAMS 0x000000076de00000, 0x000000076de00000| Untracked 
| 880|0x000000076e000000, 0x000000076e000000, 0x000000076e200000|  0%| F|  |TAMS 0x000000076e000000, 0x000000076e000000| Untracked 
| 881|0x000000076e200000, 0x000000076e200000, 0x000000076e400000|  0%| F|  |TAMS 0x000000076e200000, 0x000000076e200000| Untracked 
| 882|0x000000076e400000, 0x000000076e400000, 0x000000076e600000|  0%| F|  |TAMS 0x000000076e400000, 0x000000076e400000| Untracked 
| 883|0x000000076e600000, 0x000000076e600000, 0x000000076e800000|  0%| F|  |TAMS 0x000000076e600000, 0x000000076e600000| Untracked 
| 884|0x000000076e800000, 0x000000076e800000, 0x000000076ea00000|  0%| F|  |TAMS 0x000000076e800000, 0x000000076e800000| Untracked 
| 885|0x000000076ea00000, 0x000000076ea00000, 0x000000076ec00000|  0%| F|  |TAMS 0x000000076ea00000, 0x000000076ea00000| Untracked 
| 886|0x000000076ec00000, 0x000000076ec00000, 0x000000076ee00000|  0%| F|  |TAMS 0x000000076ec00000, 0x000000076ec00000| Untracked 
| 887|0x000000076ee00000, 0x000000076ee00000, 0x000000076f000000|  0%| F|  |TAMS 0x000000076ee00000, 0x000000076ee00000| Untracked 
| 888|0x000000076f000000, 0x000000076f000000, 0x000000076f200000|  0%| F|  |TAMS 0x000000076f000000, 0x000000076f000000| Untracked 
| 889|0x000000076f200000, 0x000000076f200000, 0x000000076f400000|  0%| F|  |TAMS 0x000000076f200000, 0x000000076f200000| Untracked 
| 890|0x000000076f400000, 0x000000076f400000, 0x000000076f600000|  0%| F|  |TAMS 0x000000076f400000, 0x000000076f400000| Untracked 
| 891|0x000000076f600000, 0x000000076f600000, 0x000000076f800000|  0%| F|  |TAMS 0x000000076f600000, 0x000000076f600000| Untracked 
| 892|0x000000076f800000, 0x000000076f800000, 0x000000076fa00000|  0%| F|  |TAMS 0x000000076f800000, 0x000000076f800000| Untracked 
| 893|0x000000076fa00000, 0x000000076fa00000, 0x000000076fc00000|  0%| F|  |TAMS 0x000000076fa00000, 0x000000076fa00000| Untracked 
| 894|0x000000076fc00000, 0x000000076fc00000, 0x000000076fe00000|  0%| F|  |TAMS 0x000000076fc00000, 0x000000076fc00000| Untracked 
| 895|0x000000076fe00000, 0x000000076fe00000, 0x0000000770000000|  0%| F|  |TAMS 0x000000076fe00000, 0x000000076fe00000| Untracked 
| 896|0x0000000770000000, 0x0000000770000000, 0x0000000770200000|  0%| F|  |TAMS 0x0000000770000000, 0x0000000770000000| Untracked 
| 897|0x0000000770200000, 0x0000000770200000, 0x0000000770400000|  0%| F|  |TAMS 0x0000000770200000, 0x0000000770200000| Untracked 
| 898|0x0000000770400000, 0x0000000770400000, 0x0000000770600000|  0%| F|  |TAMS 0x0000000770400000, 0x0000000770400000| Untracked 
| 899|0x0000000770600000, 0x0000000770600000, 0x0000000770800000|  0%| F|  |TAMS 0x0000000770600000, 0x0000000770600000| Untracked 
| 900|0x0000000770800000, 0x0000000770800000, 0x0000000770a00000|  0%| F|  |TAMS 0x0000000770800000, 0x0000000770800000| Untracked 
| 901|0x0000000770a00000, 0x0000000770a00000, 0x0000000770c00000|  0%| F|  |TAMS 0x0000000770a00000, 0x0000000770a00000| Untracked 
| 902|0x0000000770c00000, 0x0000000770c00000, 0x0000000770e00000|  0%| F|  |TAMS 0x0000000770c00000, 0x0000000770c00000| Untracked 
| 903|0x0000000770e00000, 0x0000000770e00000, 0x0000000771000000|  0%| F|  |TAMS 0x0000000770e00000, 0x0000000770e00000| Untracked 
| 904|0x0000000771000000, 0x0000000771000000, 0x0000000771200000|  0%| F|  |TAMS 0x0000000771000000, 0x0000000771000000| Untracked 
| 905|0x0000000771200000, 0x0000000771200000, 0x0000000771400000|  0%| F|  |TAMS 0x0000000771200000, 0x0000000771200000| Untracked 
| 906|0x0000000771400000, 0x0000000771400000, 0x0000000771600000|  0%| F|  |TAMS 0x0000000771400000, 0x0000000771400000| Untracked 
| 907|0x0000000771600000, 0x0000000771600000, 0x0000000771800000|  0%| F|  |TAMS 0x0000000771600000, 0x0000000771600000| Untracked 
| 908|0x0000000771800000, 0x0000000771800000, 0x0000000771a00000|  0%| F|  |TAMS 0x0000000771800000, 0x0000000771800000| Untracked 
| 909|0x0000000771a00000, 0x0000000771a00000, 0x0000000771c00000|  0%| F|  |TAMS 0x0000000771a00000, 0x0000000771a00000| Untracked 
| 910|0x0000000771c00000, 0x0000000771c00000, 0x0000000771e00000|  0%| F|  |TAMS 0x0000000771c00000, 0x0000000771c00000| Untracked 
| 911|0x0000000771e00000, 0x0000000771e00000, 0x0000000772000000|  0%| F|  |TAMS 0x0000000771e00000, 0x0000000771e00000| Untracked 
| 912|0x0000000772000000, 0x0000000772000000, 0x0000000772200000|  0%| F|  |TAMS 0x0000000772000000, 0x0000000772000000| Untracked 
| 913|0x0000000772200000, 0x0000000772200000, 0x0000000772400000|  0%| F|  |TAMS 0x0000000772200000, 0x0000000772200000| Untracked 
| 914|0x0000000772400000, 0x0000000772400000, 0x0000000772600000|  0%| F|  |TAMS 0x0000000772400000, 0x0000000772400000| Untracked 
| 915|0x0000000772600000, 0x0000000772600000, 0x0000000772800000|  0%| F|  |TAMS 0x0000000772600000, 0x0000000772600000| Untracked 
| 916|0x0000000772800000, 0x0000000772800000, 0x0000000772a00000|  0%| F|  |TAMS 0x0000000772800000, 0x0000000772800000| Untracked 
| 917|0x0000000772a00000, 0x0000000772a00000, 0x0000000772c00000|  0%| F|  |TAMS 0x0000000772a00000, 0x0000000772a00000| Untracked 
| 918|0x0000000772c00000, 0x0000000772c00000, 0x0000000772e00000|  0%| F|  |TAMS 0x0000000772c00000, 0x0000000772c00000| Untracked 
| 919|0x0000000772e00000, 0x0000000772e00000, 0x0000000773000000|  0%| F|  |TAMS 0x0000000772e00000, 0x0000000772e00000| Untracked 
| 920|0x0000000773000000, 0x0000000773000000, 0x0000000773200000|  0%| F|  |TAMS 0x0000000773000000, 0x0000000773000000| Untracked 
| 921|0x0000000773200000, 0x0000000773200000, 0x0000000773400000|  0%| F|  |TAMS 0x0000000773200000, 0x0000000773200000| Untracked 
| 922|0x0000000773400000, 0x0000000773400000, 0x0000000773600000|  0%| F|  |TAMS 0x0000000773400000, 0x0000000773400000| Untracked 
| 923|0x0000000773600000, 0x0000000773600000, 0x0000000773800000|  0%| F|  |TAMS 0x0000000773600000, 0x0000000773600000| Untracked 
| 924|0x0000000773800000, 0x0000000773800000, 0x0000000773a00000|  0%| F|  |TAMS 0x0000000773800000, 0x0000000773800000| Untracked 
| 925|0x0000000773a00000, 0x0000000773a00000, 0x0000000773c00000|  0%| F|  |TAMS 0x0000000773a00000, 0x0000000773a00000| Untracked 
| 926|0x0000000773c00000, 0x0000000773c00000, 0x0000000773e00000|  0%| F|  |TAMS 0x0000000773c00000, 0x0000000773c00000| Untracked 
| 927|0x0000000773e00000, 0x0000000773e00000, 0x0000000774000000|  0%| F|  |TAMS 0x0000000773e00000, 0x0000000773e00000| Untracked 
| 928|0x0000000774000000, 0x0000000774000000, 0x0000000774200000|  0%| F|  |TAMS 0x0000000774000000, 0x0000000774000000| Untracked 
| 929|0x0000000774200000, 0x0000000774200000, 0x0000000774400000|  0%| F|  |TAMS 0x0000000774200000, 0x0000000774200000| Untracked 
| 930|0x0000000774400000, 0x0000000774400000, 0x0000000774600000|  0%| F|  |TAMS 0x0000000774400000, 0x0000000774400000| Untracked 
| 931|0x0000000774600000, 0x0000000774600000, 0x0000000774800000|  0%| F|  |TAMS 0x0000000774600000, 0x0000000774600000| Untracked 
| 932|0x0000000774800000, 0x0000000774800000, 0x0000000774a00000|  0%| F|  |TAMS 0x0000000774800000, 0x0000000774800000| Untracked 
| 933|0x0000000774a00000, 0x0000000774a00000, 0x0000000774c00000|  0%| F|  |TAMS 0x0000000774a00000, 0x0000000774a00000| Untracked 
| 934|0x0000000774c00000, 0x0000000774c00000, 0x0000000774e00000|  0%| F|  |TAMS 0x0000000774c00000, 0x0000000774c00000| Untracked 
| 935|0x0000000774e00000, 0x0000000774e00000, 0x0000000775000000|  0%| F|  |TAMS 0x0000000774e00000, 0x0000000774e00000| Untracked 
| 936|0x0000000775000000, 0x0000000775000000, 0x0000000775200000|  0%| F|  |TAMS 0x0000000775000000, 0x0000000775000000| Untracked 
| 937|0x0000000775200000, 0x0000000775200000, 0x0000000775400000|  0%| F|  |TAMS 0x0000000775200000, 0x0000000775200000| Untracked 
| 938|0x0000000775400000, 0x0000000775400000, 0x0000000775600000|  0%| F|  |TAMS 0x0000000775400000, 0x0000000775400000| Untracked 
| 939|0x0000000775600000, 0x0000000775600000, 0x0000000775800000|  0%| F|  |TAMS 0x0000000775600000, 0x0000000775600000| Untracked 
| 940|0x0000000775800000, 0x0000000775800000, 0x0000000775a00000|  0%| F|  |TAMS 0x0000000775800000, 0x0000000775800000| Untracked 
| 941|0x0000000775a00000, 0x0000000775a00000, 0x0000000775c00000|  0%| F|  |TAMS 0x0000000775a00000, 0x0000000775a00000| Untracked 
| 942|0x0000000775c00000, 0x0000000775c00000, 0x0000000775e00000|  0%| F|  |TAMS 0x0000000775c00000, 0x0000000775c00000| Untracked 
| 943|0x0000000775e00000, 0x0000000775e00000, 0x0000000776000000|  0%| F|  |TAMS 0x0000000775e00000, 0x0000000775e00000| Untracked 
| 944|0x0000000776000000, 0x0000000776000000, 0x0000000776200000|  0%| F|  |TAMS 0x0000000776000000, 0x0000000776000000| Untracked 
| 945|0x0000000776200000, 0x0000000776200000, 0x0000000776400000|  0%| F|  |TAMS 0x0000000776200000, 0x0000000776200000| Untracked 
| 946|0x0000000776400000, 0x0000000776400000, 0x0000000776600000|  0%| F|  |TAMS 0x0000000776400000, 0x0000000776400000| Untracked 
| 947|0x0000000776600000, 0x0000000776600000, 0x0000000776800000|  0%| F|  |TAMS 0x0000000776600000, 0x0000000776600000| Untracked 
| 948|0x0000000776800000, 0x0000000776800000, 0x0000000776a00000|  0%| F|  |TAMS 0x0000000776800000, 0x0000000776800000| Untracked 
| 949|0x0000000776a00000, 0x0000000776a00000, 0x0000000776c00000|  0%| F|  |TAMS 0x0000000776a00000, 0x0000000776a00000| Untracked 
| 950|0x0000000776c00000, 0x0000000776c00000, 0x0000000776e00000|  0%| F|  |TAMS 0x0000000776c00000, 0x0000000776c00000| Untracked 
| 951|0x0000000776e00000, 0x0000000776e00000, 0x0000000777000000|  0%| F|  |TAMS 0x0000000776e00000, 0x0000000776e00000| Untracked 
| 952|0x0000000777000000, 0x0000000777000000, 0x0000000777200000|  0%| F|  |TAMS 0x0000000777000000, 0x0000000777000000| Untracked 
| 953|0x0000000777200000, 0x0000000777200000, 0x0000000777400000|  0%| F|  |TAMS 0x0000000777200000, 0x0000000777200000| Untracked 
| 954|0x0000000777400000, 0x0000000777400000, 0x0000000777600000|  0%| F|  |TAMS 0x0000000777400000, 0x0000000777400000| Untracked 
| 955|0x0000000777600000, 0x0000000777600000, 0x0000000777800000|  0%| F|  |TAMS 0x0000000777600000, 0x0000000777600000| Untracked 
| 956|0x0000000777800000, 0x0000000777800000, 0x0000000777a00000|  0%| F|  |TAMS 0x0000000777800000, 0x0000000777800000| Untracked 
| 957|0x0000000777a00000, 0x0000000777a00000, 0x0000000777c00000|  0%| F|  |TAMS 0x0000000777a00000, 0x0000000777a00000| Untracked 
| 958|0x0000000777c00000, 0x0000000777c00000, 0x0000000777e00000|  0%| F|  |TAMS 0x0000000777c00000, 0x0000000777c00000| Untracked 
| 959|0x0000000777e00000, 0x0000000777e00000, 0x0000000778000000|  0%| F|  |TAMS 0x0000000777e00000, 0x0000000777e00000| Untracked 
| 960|0x0000000778000000, 0x0000000778000000, 0x0000000778200000|  0%| F|  |TAMS 0x0000000778000000, 0x0000000778000000| Untracked 
| 961|0x0000000778200000, 0x0000000778200000, 0x0000000778400000|  0%| F|  |TAMS 0x0000000778200000, 0x0000000778200000| Untracked 
| 962|0x0000000778400000, 0x0000000778400000, 0x0000000778600000|  0%| F|  |TAMS 0x0000000778400000, 0x0000000778400000| Untracked 
| 963|0x0000000778600000, 0x0000000778600000, 0x0000000778800000|  0%| F|  |TAMS 0x0000000778600000, 0x0000000778600000| Untracked 
| 964|0x0000000778800000, 0x0000000778800000, 0x0000000778a00000|  0%| F|  |TAMS 0x0000000778800000, 0x0000000778800000| Untracked 
| 965|0x0000000778a00000, 0x0000000778a00000, 0x0000000778c00000|  0%| F|  |TAMS 0x0000000778a00000, 0x0000000778a00000| Untracked 
| 966|0x0000000778c00000, 0x0000000778c00000, 0x0000000778e00000|  0%| F|  |TAMS 0x0000000778c00000, 0x0000000778c00000| Untracked 
| 967|0x0000000778e00000, 0x0000000778e00000, 0x0000000779000000|  0%| F|  |TAMS 0x0000000778e00000, 0x0000000778e00000| Untracked 
| 968|0x0000000779000000, 0x0000000779000000, 0x0000000779200000|  0%| F|  |TAMS 0x0000000779000000, 0x0000000779000000| Untracked 
| 969|0x0000000779200000, 0x0000000779200000, 0x0000000779400000|  0%| F|  |TAMS 0x0000000779200000, 0x0000000779200000| Untracked 
| 970|0x0000000779400000, 0x0000000779400000, 0x0000000779600000|  0%| F|  |TAMS 0x0000000779400000, 0x0000000779400000| Untracked 
| 971|0x0000000779600000, 0x0000000779600000, 0x0000000779800000|  0%| F|  |TAMS 0x0000000779600000, 0x0000000779600000| Untracked 
| 972|0x0000000779800000, 0x0000000779800000, 0x0000000779a00000|  0%| F|  |TAMS 0x0000000779800000, 0x0000000779800000| Untracked 
| 973|0x0000000779a00000, 0x0000000779a00000, 0x0000000779c00000|  0%| F|  |TAMS 0x0000000779a00000, 0x0000000779a00000| Untracked 
| 974|0x0000000779c00000, 0x0000000779c00000, 0x0000000779e00000|  0%| F|  |TAMS 0x0000000779c00000, 0x0000000779c00000| Untracked 
| 975|0x0000000779e00000, 0x0000000779e00000, 0x000000077a000000|  0%| F|  |TAMS 0x0000000779e00000, 0x0000000779e00000| Untracked 
| 976|0x000000077a000000, 0x000000077a000000, 0x000000077a200000|  0%| F|  |TAMS 0x000000077a000000, 0x000000077a000000| Untracked 
| 977|0x000000077a200000, 0x000000077a200000, 0x000000077a400000|  0%| F|  |TAMS 0x000000077a200000, 0x000000077a200000| Untracked 
| 978|0x000000077a400000, 0x000000077a400000, 0x000000077a600000|  0%| F|  |TAMS 0x000000077a400000, 0x000000077a400000| Untracked 
| 979|0x000000077a600000, 0x000000077a600000, 0x000000077a800000|  0%| F|  |TAMS 0x000000077a600000, 0x000000077a600000| Untracked 
| 980|0x000000077a800000, 0x000000077a800000, 0x000000077aa00000|  0%| F|  |TAMS 0x000000077a800000, 0x000000077a800000| Untracked 
| 981|0x000000077aa00000, 0x000000077aa00000, 0x000000077ac00000|  0%| F|  |TAMS 0x000000077aa00000, 0x000000077aa00000| Untracked 
| 982|0x000000077ac00000, 0x000000077ac00000, 0x000000077ae00000|  0%| F|  |TAMS 0x000000077ac00000, 0x000000077ac00000| Untracked 
| 983|0x000000077ae00000, 0x000000077ae00000, 0x000000077b000000|  0%| F|  |TAMS 0x000000077ae00000, 0x000000077ae00000| Untracked 
| 984|0x000000077b000000, 0x000000077b000000, 0x000000077b200000|  0%| F|  |TAMS 0x000000077b000000, 0x000000077b000000| Untracked 
| 985|0x000000077b200000, 0x000000077b200000, 0x000000077b400000|  0%| F|  |TAMS 0x000000077b200000, 0x000000077b200000| Untracked 
| 986|0x000000077b400000, 0x000000077b400000, 0x000000077b600000|  0%| F|  |TAMS 0x000000077b400000, 0x000000077b400000| Untracked 
| 987|0x000000077b600000, 0x000000077b600000, 0x000000077b800000|  0%| F|  |TAMS 0x000000077b600000, 0x000000077b600000| Untracked 
| 988|0x000000077b800000, 0x000000077b800000, 0x000000077ba00000|  0%| F|  |TAMS 0x000000077b800000, 0x000000077b800000| Untracked 
| 989|0x000000077ba00000, 0x000000077ba00000, 0x000000077bc00000|  0%| F|  |TAMS 0x000000077ba00000, 0x000000077ba00000| Untracked 
| 990|0x000000077bc00000, 0x000000077bc00000, 0x000000077be00000|  0%| F|  |TAMS 0x000000077bc00000, 0x000000077bc00000| Untracked 
| 991|0x000000077be00000, 0x000000077be00000, 0x000000077c000000|  0%| F|  |TAMS 0x000000077be00000, 0x000000077be00000| Untracked 
| 992|0x000000077c000000, 0x000000077c000000, 0x000000077c200000|  0%| F|  |TAMS 0x000000077c000000, 0x000000077c000000| Untracked 
| 993|0x000000077c200000, 0x000000077c200000, 0x000000077c400000|  0%| F|  |TAMS 0x000000077c200000, 0x000000077c200000| Untracked 
| 994|0x000000077c400000, 0x000000077c400000, 0x000000077c600000|  0%| F|  |TAMS 0x000000077c400000, 0x000000077c400000| Untracked 
| 995|0x000000077c600000, 0x000000077c600000, 0x000000077c800000|  0%| F|  |TAMS 0x000000077c600000, 0x000000077c600000| Untracked 
| 996|0x000000077c800000, 0x000000077c800000, 0x000000077ca00000|  0%| F|  |TAMS 0x000000077c800000, 0x000000077c800000| Untracked 
| 997|0x000000077ca00000, 0x000000077ca00000, 0x000000077cc00000|  0%| F|  |TAMS 0x000000077ca00000, 0x000000077ca00000| Untracked 
| 998|0x000000077cc00000, 0x000000077cc00000, 0x000000077ce00000|  0%| F|  |TAMS 0x000000077cc00000, 0x000000077cc00000| Untracked 
| 999|0x000000077ce00000, 0x000000077ce00000, 0x000000077d000000|  0%| F|  |TAMS 0x000000077ce00000, 0x000000077ce00000| Untracked 
|1000|0x000000077d000000, 0x000000077d000000, 0x000000077d200000|  0%| F|  |TAMS 0x000000077d000000, 0x000000077d000000| Untracked 
|1001|0x000000077d200000, 0x000000077d200000, 0x000000077d400000|  0%| F|  |TAMS 0x000000077d200000, 0x000000077d200000| Untracked 
|1002|0x000000077d400000, 0x000000077d400000, 0x000000077d600000|  0%| F|  |TAMS 0x000000077d400000, 0x000000077d400000| Untracked 
|1003|0x000000077d600000, 0x000000077d600000, 0x000000077d800000|  0%| F|  |TAMS 0x000000077d600000, 0x000000077d600000| Untracked 
|1004|0x000000077d800000, 0x000000077d800000, 0x000000077da00000|  0%| F|  |TAMS 0x000000077d800000, 0x000000077d800000| Untracked 
|1005|0x000000077da00000, 0x000000077da00000, 0x000000077dc00000|  0%| F|  |TAMS 0x000000077da00000, 0x000000077da00000| Untracked 
|1006|0x000000077dc00000, 0x000000077dc00000, 0x000000077de00000|  0%| F|  |TAMS 0x000000077dc00000, 0x000000077dc00000| Untracked 
|1007|0x000000077de00000, 0x000000077de00000, 0x000000077e000000|  0%| F|  |TAMS 0x000000077de00000, 0x000000077de00000| Untracked 
|1008|0x000000077e000000, 0x000000077e000000, 0x000000077e200000|  0%| F|  |TAMS 0x000000077e000000, 0x000000077e000000| Untracked 
|1009|0x000000077e200000, 0x000000077e200000, 0x000000077e400000|  0%| F|  |TAMS 0x000000077e200000, 0x000000077e200000| Untracked 
|1010|0x000000077e400000, 0x000000077e400000, 0x000000077e600000|  0%| F|  |TAMS 0x000000077e400000, 0x000000077e400000| Untracked 
|1011|0x000000077e600000, 0x000000077e600000, 0x000000077e800000|  0%| F|  |TAMS 0x000000077e600000, 0x000000077e600000| Untracked 
|1012|0x000000077e800000, 0x000000077e800000, 0x000000077ea00000|  0%| F|  |TAMS 0x000000077e800000, 0x000000077e800000| Untracked 
|1013|0x000000077ea00000, 0x000000077ea00000, 0x000000077ec00000|  0%| F|  |TAMS 0x000000077ea00000, 0x000000077ea00000| Untracked 
|1014|0x000000077ec00000, 0x000000077ec00000, 0x000000077ee00000|  0%| F|  |TAMS 0x000000077ec00000, 0x000000077ec00000| Untracked 
|1015|0x000000077ee00000, 0x000000077ee00000, 0x000000077f000000|  0%| F|  |TAMS 0x000000077ee00000, 0x000000077ee00000| Untracked 
|1016|0x000000077f000000, 0x000000077f000000, 0x000000077f200000|  0%| F|  |TAMS 0x000000077f000000, 0x000000077f000000| Untracked 
|1017|0x000000077f200000, 0x000000077f200000, 0x000000077f400000|  0%| F|  |TAMS 0x000000077f200000, 0x000000077f200000| Untracked 
|1018|0x000000077f400000, 0x000000077f400000, 0x000000077f600000|  0%| F|  |TAMS 0x000000077f400000, 0x000000077f400000| Untracked 
|1019|0x000000077f600000, 0x000000077f600000, 0x000000077f800000|  0%| F|  |TAMS 0x000000077f600000, 0x000000077f600000| Untracked 
|1020|0x000000077f800000, 0x000000077f800000, 0x000000077fa00000|  0%| F|  |TAMS 0x000000077f800000, 0x000000077f800000| Untracked 
|1021|0x000000077fa00000, 0x000000077fa00000, 0x000000077fc00000|  0%| F|  |TAMS 0x000000077fa00000, 0x000000077fa00000| Untracked 
|1022|0x000000077fc00000, 0x000000077fc00000, 0x000000077fe00000|  0%| F|  |TAMS 0x000000077fc00000, 0x000000077fc00000| Untracked 
|1023|0x000000077fe00000, 0x000000077fe00000, 0x0000000780000000|  0%| F|  |TAMS 0x000000077fe00000, 0x000000077fe00000| Untracked 
|1024|0x0000000780000000, 0x0000000780000000, 0x0000000780200000|  0%| F|  |TAMS 0x0000000780000000, 0x0000000780000000| Untracked 
|1025|0x0000000780200000, 0x0000000780200000, 0x0000000780400000|  0%| F|  |TAMS 0x0000000780200000, 0x0000000780200000| Untracked 
|1026|0x0000000780400000, 0x0000000780400000, 0x0000000780600000|  0%| F|  |TAMS 0x0000000780400000, 0x0000000780400000| Untracked 
|1027|0x0000000780600000, 0x0000000780600000, 0x0000000780800000|  0%| F|  |TAMS 0x0000000780600000, 0x0000000780600000| Untracked 
|1028|0x0000000780800000, 0x0000000780800000, 0x0000000780a00000|  0%| F|  |TAMS 0x0000000780800000, 0x0000000780800000| Untracked 
|1029|0x0000000780a00000, 0x0000000780a00000, 0x0000000780c00000|  0%| F|  |TAMS 0x0000000780a00000, 0x0000000780a00000| Untracked 
|1030|0x0000000780c00000, 0x0000000780c00000, 0x0000000780e00000|  0%| F|  |TAMS 0x0000000780c00000, 0x0000000780c00000| Untracked 
|1031|0x0000000780e00000, 0x0000000780e00000, 0x0000000781000000|  0%| F|  |TAMS 0x0000000780e00000, 0x0000000780e00000| Untracked 
|1032|0x0000000781000000, 0x0000000781000000, 0x0000000781200000|  0%| F|  |TAMS 0x0000000781000000, 0x0000000781000000| Untracked 
|1033|0x0000000781200000, 0x0000000781200000, 0x0000000781400000|  0%| F|  |TAMS 0x0000000781200000, 0x0000000781200000| Untracked 
|1034|0x0000000781400000, 0x0000000781400000, 0x0000000781600000|  0%| F|  |TAMS 0x0000000781400000, 0x0000000781400000| Untracked 
|1035|0x0000000781600000, 0x0000000781600000, 0x0000000781800000|  0%| F|  |TAMS 0x0000000781600000, 0x0000000781600000| Untracked 
|1036|0x0000000781800000, 0x0000000781800000, 0x0000000781a00000|  0%| F|  |TAMS 0x0000000781800000, 0x0000000781800000| Untracked 
|1037|0x0000000781a00000, 0x0000000781a00000, 0x0000000781c00000|  0%| F|  |TAMS 0x0000000781a00000, 0x0000000781a00000| Untracked 
|1038|0x0000000781c00000, 0x0000000781c00000, 0x0000000781e00000|  0%| F|  |TAMS 0x0000000781c00000, 0x0000000781c00000| Untracked 
|1039|0x0000000781e00000, 0x0000000781e00000, 0x0000000782000000|  0%| F|  |TAMS 0x0000000781e00000, 0x0000000781e00000| Untracked 
|1040|0x0000000782000000, 0x0000000782000000, 0x0000000782200000|  0%| F|  |TAMS 0x0000000782000000, 0x0000000782000000| Untracked 
|1041|0x0000000782200000, 0x0000000782200000, 0x0000000782400000|  0%| F|  |TAMS 0x0000000782200000, 0x0000000782200000| Untracked 
|1042|0x0000000782400000, 0x0000000782400000, 0x0000000782600000|  0%| F|  |TAMS 0x0000000782400000, 0x0000000782400000| Untracked 
|1043|0x0000000782600000, 0x0000000782600000, 0x0000000782800000|  0%| F|  |TAMS 0x0000000782600000, 0x0000000782600000| Untracked 
|1044|0x0000000782800000, 0x0000000782800000, 0x0000000782a00000|  0%| F|  |TAMS 0x0000000782800000, 0x0000000782800000| Untracked 
|1045|0x0000000782a00000, 0x0000000782a00000, 0x0000000782c00000|  0%| F|  |TAMS 0x0000000782a00000, 0x0000000782a00000| Untracked 
|1046|0x0000000782c00000, 0x0000000782c00000, 0x0000000782e00000|  0%| F|  |TAMS 0x0000000782c00000, 0x0000000782c00000| Untracked 
|1129|0x000000078d200000, 0x000000078d200000, 0x000000078d400000|  0%| F|  |TAMS 0x000000078d200000, 0x000000078d200000| Untracked 
|1130|0x000000078d400000, 0x000000078d400000, 0x000000078d600000|  0%| F|  |TAMS 0x000000078d400000, 0x000000078d400000| Untracked 
|1131|0x000000078d600000, 0x000000078d600000, 0x000000078d800000|  0%| F|  |TAMS 0x000000078d600000, 0x000000078d600000| Untracked 
|1132|0x000000078d800000, 0x000000078d800000, 0x000000078da00000|  0%| F|  |TAMS 0x000000078d800000, 0x000000078d800000| Untracked 
|1133|0x000000078da00000, 0x000000078da00000, 0x000000078dc00000|  0%| F|  |TAMS 0x000000078da00000, 0x000000078da00000| Untracked 

Card table byte_map: [0x00000268462f0000,0x0000026846af0000] _byte_map_base: 0x0000026842af0000

Marking Bits (Prev, Next): (CMBitMap*) 0x000002682cd48330, (CMBitMap*) 0x000002682cd48370
 Prev Bits: [0x00000268472f0000, 0x000002684b2f0000)
 Next Bits: [0x000002684b2f0000, 0x000002684f2f0000)

Polling page: 0x000002682cda0000

Metaspace:

Usage:
  Non-class:    137.57 MB used.
      Class:     20.77 MB used.
       Both:    158.34 MB used.

Virtual space:
  Non-class space:      192.00 MB reserved,     138.38 MB ( 72%) committed,  3 nodes.
      Class space:      416.00 MB reserved,      21.50 MB (  5%) committed,  1 nodes.
             Both:      608.00 MB reserved,     159.88 MB ( 26%) committed. 

Chunk freelists:
   Non-Class:  5.11 MB
       Class:  10.36 MB
        Both:  15.47 MB

MaxMetaspaceSize: 512.00 MB
CompressedClassSpaceSize: 416.00 MB
Initial GC threshold: 21.00 MB
Current GC threshold: 265.94 MB
CDS: on
MetaspaceReclaimPolicy: balanced
 - commit_granule_bytes: 65536.
 - commit_granule_words: 8192.
 - virtual_space_node_default_size: 8388608.
 - enlarge_chunks_in_place: 1.
 - new_chunks_are_fully_committed: 0.
 - uncommit_free_chunks: 1.
 - use_allocation_guard: 0.
 - handle_deallocations: 1.


Internal statistics:

num_allocs_failed_limit: 6.
num_arena_births: 2388.
num_arena_deaths: 60.
num_vsnodes_births: 4.
num_vsnodes_deaths: 0.
num_space_committed: 2565.
num_space_uncommitted: 9.
num_chunks_returned_to_freelist: 135.
num_chunks_taken_from_freelist: 9402.
num_chunk_merges: 58.
num_chunk_splits: 6133.
num_chunks_enlarged: 3924.
num_inconsistent_stats: 0.

CodeHeap 'non-profiled nmethods': size=120000Kb used=24689Kb max_used=24689Kb free=95310Kb
 bounds [0x000002683da10000, 0x000002683f230000, 0x0000026844f40000]
CodeHeap 'profiled nmethods': size=120000Kb used=65782Kb max_used=65782Kb free=54217Kb
 bounds [0x0000026835f40000, 0x0000026839f80000, 0x000002683d470000]
CodeHeap 'non-nmethods': size=5760Kb used=2549Kb max_used=2649Kb free=3210Kb
 bounds [0x000002683d470000, 0x000002683d720000, 0x000002683da10000]
 total_blobs=31523 nmethods=30427 adapters=1006
 compilation: enabled
              stopped_count=0, restarted_count=0
 full_count=0

Compilation events (20 events):
Event: 257.549 Thread 0x0000026851f5b7a0 42095       2       com.android.tools.r8.internal.kP::y (4 bytes)
Event: 257.550 Thread 0x0000026851f5b7a0 nmethod 42095 0x0000026839f79d90 code [0x0000026839f79f40, 0x0000026839f7a278]
Event: 257.550 Thread 0x0000026851f5b7a0 42096       2       com.android.tools.r8.internal.jP::f (8 bytes)
Event: 257.550 Thread 0x0000026851f5b7a0 nmethod 42096 0x0000026839f7a310 code [0x0000026839f7a4c0, 0x0000026839f7a7f8]
Event: 257.550 Thread 0x0000026851f5b7a0 42097       2       com.android.tools.r8.internal.jP::<init> (19 bytes)
Event: 257.550 Thread 0x0000026851f5b7a0 nmethod 42097 0x0000026839f7a890 code [0x0000026839f7aa40, 0x0000026839f7ad18]
Event: 257.550 Thread 0x0000026851f5b7a0 42098       2       com.android.tools.r8.internal.M30::a (25 bytes)
Event: 257.550 Thread 0x0000026851f5b7a0 nmethod 42098 0x0000026839f7ad90 code [0x0000026839f7af40, 0x0000026839f7b1a8]
Event: 257.550 Thread 0x0000026851f5b7a0 42099       2       com.android.tools.r8.internal.K30::a (29 bytes)
Event: 257.551 Thread 0x0000026851f5b7a0 nmethod 42099 0x0000026839f7b290 code [0x0000026839f7b460, 0x0000026839f7b798]
Event: 257.551 Thread 0x0000026851f5b7a0 42100       2       com.android.tools.r8.internal.jP::a (16 bytes)
Event: 257.551 Thread 0x0000026851f5b7a0 nmethod 42100 0x0000026839f7b990 code [0x0000026839f7bb20, 0x0000026839f7bc78]
Event: 257.551 Thread 0x0000026851f5b7a0 42101       2       com.android.tools.r8.internal.M30::a (63 bytes)
Event: 257.552 Thread 0x0000026851f5b7a0 nmethod 42101 0x0000026839f7bd10 code [0x0000026839f7bf80, 0x0000026839f7c4d8]
Event: 257.552 Thread 0x0000026851f5b7a0 42102       2       com.android.tools.r8.internal.jP::b (16 bytes)
Event: 257.552 Thread 0x0000026851f5b7a0 nmethod 42102 0x0000026839f7c910 code [0x0000026839f7caa0, 0x0000026839f7cbb8]
Event: 257.552 Thread 0x0000026851f5b7a0 42103       2       com.android.tools.r8.internal.jP::g (145 bytes)
Event: 257.553 Thread 0x0000026851f5b7a0 nmethod 42103 0x0000026839f7cc90 code [0x0000026839f7ce40, 0x0000026839f7d168]
Event: 257.553 Thread 0x0000026851f5b7a0 42104       2       com.android.tools.r8.internal.kP::a (154 bytes)
Event: 257.554 Thread 0x0000026851f5b7a0 nmethod 42104 0x0000026839f7d290 code [0x0000026839f7d4a0, 0x0000026839f7d898]

GC Heap History (20 events):
Event: 241.070 GC heap after
{Heap after GC invocations=137 (full 0):
 garbage-first heap   total 792576K, used 312048K [0x0000000700000000, 0x0000000800000000)
  region size 2048K, 3 young (6144K), 3 survivors (6144K)
 Metaspace       used 157427K, committed 158912K, reserved 622592K
  class space    used 20834K, committed 21568K, reserved 425984K
}
Event: 242.192 GC heap before
{Heap before GC invocations=137 (full 0):
 garbage-first heap   total 792576K, used 637680K [0x0000000700000000, 0x0000000800000000)
  region size 2048K, 163 young (333824K), 3 survivors (6144K)
 Metaspace       used 159574K, committed 161088K, reserved 622592K
  class space    used 21146K, committed 21888K, reserved 425984K
}
Event: 242.219 GC heap after
{Heap after GC invocations=138 (full 0):
 garbage-first heap   total 792576K, used 336695K [0x0000000700000000, 0x0000000800000000)
  region size 2048K, 15 young (30720K), 15 survivors (30720K)
 Metaspace       used 159574K, committed 161088K, reserved 622592K
  class space    used 21146K, committed 21888K, reserved 425984K
}
Event: 243.226 GC heap before
{Heap before GC invocations=139 (full 0):
 garbage-first heap   total 792576K, used 637751K [0x0000000700000000, 0x0000000800000000)
  region size 2048K, 163 young (333824K), 15 survivors (30720K)
 Metaspace       used 159968K, committed 161472K, reserved 622592K
  class space    used 21151K, committed 21888K, reserved 425984K
}
Event: 243.277 GC heap after
{Heap after GC invocations=140 (full 0):
 garbage-first heap   total 792576K, used 358823K [0x0000000700000000, 0x0000000800000000)
  region size 2048K, 13 young (26624K), 13 survivors (26624K)
 Metaspace       used 159968K, committed 161472K, reserved 622592K
  class space    used 21151K, committed 21888K, reserved 425984K
}
Event: 243.300 GC heap before
{Heap before GC invocations=140 (full 0):
 garbage-first heap   total 792576K, used 371111K [0x0000000700000000, 0x0000000800000000)
  region size 2048K, 19 young (38912K), 13 survivors (26624K)
 Metaspace       used 159997K, committed 161536K, reserved 622592K
  class space    used 21151K, committed 21888K, reserved 425984K
}
Event: 243.333 GC heap after
{Heap after GC invocations=141 (full 0):
 garbage-first heap   total 2154496K, used 352680K [0x0000000700000000, 0x0000000800000000)
  region size 2048K, 2 young (4096K), 2 survivors (4096K)
 Metaspace       used 159997K, committed 161536K, reserved 622592K
  class space    used 21151K, committed 21888K, reserved 425984K
}
Event: 247.245 GC heap before
{Heap before GC invocations=141 (full 0):
 garbage-first heap   total 2154496K, used 1434024K [0x0000000700000000, 0x0000000800000000)
  region size 2048K, 530 young (1085440K), 2 survivors (4096K)
 Metaspace       used 160910K, committed 162432K, reserved 622592K
  class space    used 21213K, committed 21952K, reserved 425984K
}
Event: 247.450 GC heap after
{Heap after GC invocations=142 (full 0):
 garbage-first heap   total 2154496K, used 410412K [0x0000000700000000, 0x0000000800000000)
  region size 2048K, 31 young (63488K), 31 survivors (63488K)
 Metaspace       used 160910K, committed 162432K, reserved 622592K
  class space    used 21213K, committed 21952K, reserved 425984K
}
Event: 249.150 GC heap before
{Heap before GC invocations=143 (full 0):
 garbage-first heap   total 1857536K, used 979756K [0x0000000700000000, 0x0000000800000000)
  region size 2048K, 309 young (632832K), 31 survivors (63488K)
 Metaspace       used 161552K, committed 163008K, reserved 622592K
  class space    used 21241K, committed 21952K, reserved 425984K
}
Event: 249.220 GC heap after
{Heap after GC invocations=144 (full 0):
 garbage-first heap   total 1857536K, used 432489K [0x0000000700000000, 0x0000000800000000)
  region size 2048K, 12 young (24576K), 12 survivors (24576K)
 Metaspace       used 161552K, committed 163008K, reserved 622592K
  class space    used 21241K, committed 21952K, reserved 425984K
}
Event: 249.338 GC heap before
{Heap before GC invocations=144 (full 0):
 garbage-first heap   total 1857536K, used 498025K [0x0000000700000000, 0x0000000800000000)
  region size 2048K, 45 young (92160K), 12 survivors (24576K)
 Metaspace       used 161599K, committed 163072K, reserved 622592K
  class space    used 21244K, committed 21952K, reserved 425984K
}
Event: 249.360 GC heap after
{Heap after GC invocations=145 (full 0):
 garbage-first heap   total 1857536K, used 424761K [0x0000000700000000, 0x0000000800000000)
  region size 2048K, 4 young (8192K), 4 survivors (8192K)
 Metaspace       used 161599K, committed 163072K, reserved 622592K
  class space    used 21244K, committed 21952K, reserved 425984K
}
Event: 251.196 GC heap before
{Heap before GC invocations=145 (full 0):
 garbage-first heap   total 1857536K, used 1442617K [0x0000000700000000, 0x0000000800000000)
  region size 2048K, 502 young (1028096K), 4 survivors (8192K)
 Metaspace       used 161839K, committed 163328K, reserved 622592K
  class space    used 21255K, committed 22016K, reserved 425984K
}
Event: 251.230 GC heap after
{Heap after GC invocations=146 (full 0):
 garbage-first heap   total 1857536K, used 457109K [0x0000000700000000, 0x0000000800000000)
  region size 2048K, 20 young (40960K), 20 survivors (40960K)
 Metaspace       used 161839K, committed 163328K, reserved 622592K
  class space    used 21255K, committed 22016K, reserved 425984K
}
Event: 254.242 GC heap before
{Heap before GC invocations=147 (full 0):
 garbage-first heap   total 1857536K, used 1470869K [0x0000000700000000, 0x0000000800000000)
  region size 2048K, 516 young (1056768K), 20 survivors (40960K)
 Metaspace       used 162058K, committed 163520K, reserved 622592K
  class space    used 21263K, committed 22016K, reserved 425984K
}
Event: 254.275 GC heap after
{Heap after GC invocations=148 (full 0):
 garbage-first heap   total 1857536K, used 464497K [0x0000000700000000, 0x0000000800000000)
  region size 2048K, 23 young (47104K), 23 survivors (47104K)
 Metaspace       used 162058K, committed 163520K, reserved 622592K
  class space    used 21263K, committed 22016K, reserved 425984K
}
Event: 254.389 GC heap before
{Heap before GC invocations=148 (full 0):
 garbage-first heap   total 1857536K, used 509553K [0x0000000700000000, 0x0000000800000000)
  region size 2048K, 45 young (92160K), 23 survivors (47104K)
 Metaspace       used 162060K, committed 163648K, reserved 622592K
  class space    used 21263K, committed 22016K, reserved 425984K
}
Event: 254.452 GC heap after
{Heap after GC invocations=149 (full 0):
 garbage-first heap   total 1857536K, used 450003K [0x0000000700000000, 0x0000000800000000)
  region size 2048K, 4 young (8192K), 4 survivors (8192K)
 Metaspace       used 162060K, committed 163648K, reserved 622592K
  class space    used 21263K, committed 22016K, reserved 425984K
}
Event: 257.565 GC heap before
{Heap before GC invocations=149 (full 0):
 garbage-first heap   total 1857536K, used 1500627K [0x0000000700000000, 0x0000000800000000)
  region size 2048K, 518 young (1060864K), 4 survivors (8192K)
 Metaspace       used 162137K, committed 163712K, reserved 622592K
  class space    used 21268K, committed 22016K, reserved 425984K
}

Deoptimization events (20 events):
Event: 257.433 Thread 0x000002687e0d7210 DEOPT PACKING pc=0x00000268398a4a8e sp=0x0000008521ef8c70
Event: 257.433 Thread 0x000002687e0d7210 DEOPT UNPACKING pc=0x000002683d4c2b43 sp=0x0000008521ef8488 mode 0
Event: 257.437 Thread 0x0000026876ab7570 DEOPT PACKING pc=0x00000268398a510d sp=0x00000085218f9180
Event: 257.437 Thread 0x0000026876ab7570 DEOPT UNPACKING pc=0x000002683d4c2b43 sp=0x00000085218f8990 mode 0
Event: 257.439 Thread 0x0000026876ab7570 DEOPT PACKING pc=0x00000268398a5154 sp=0x00000085218f90c0
Event: 257.439 Thread 0x0000026876ab7570 DEOPT UNPACKING pc=0x000002683d4c2b43 sp=0x00000085218f88e0 mode 0
Event: 257.461 Thread 0x000002687e0d7210 DEOPT PACKING pc=0x00000268398a510d sp=0x0000008521ef8c70
Event: 257.461 Thread 0x000002687e0d7210 DEOPT UNPACKING pc=0x000002683d4c2b43 sp=0x0000008521ef8480 mode 0
Event: 257.477 Thread 0x0000026876ab7570 DEOPT PACKING pc=0x00000268398a4a8e sp=0x00000085218f9180
Event: 257.477 Thread 0x0000026876ab7570 DEOPT UNPACKING pc=0x000002683d4c2b43 sp=0x00000085218f8998 mode 0
Event: 257.479 Thread 0x0000026876ab7570 DEOPT PACKING pc=0x00000268398a510d sp=0x00000085218f9090
Event: 257.479 Thread 0x0000026876ab7570 DEOPT UNPACKING pc=0x000002683d4c2b43 sp=0x00000085218f88a0 mode 0
Event: 257.493 Thread 0x0000026876ab7570 DEOPT PACKING pc=0x00000268398a5154 sp=0x00000085218f8d60
Event: 257.493 Thread 0x0000026876ab7570 DEOPT UNPACKING pc=0x000002683d4c2b43 sp=0x00000085218f8580 mode 0
Event: 257.504 Thread 0x0000026876ab7570 DEOPT PACKING pc=0x00000268398a5154 sp=0x00000085218f8d60
Event: 257.504 Thread 0x0000026876ab7570 DEOPT UNPACKING pc=0x000002683d4c2b43 sp=0x00000085218f8580 mode 0
Event: 257.510 Thread 0x0000026876ab98e0 DEOPT PACKING pc=0x000002683970c250 sp=0x0000008521cf96f0
Event: 257.510 Thread 0x0000026876ab98e0 DEOPT UNPACKING pc=0x000002683d4c2b43 sp=0x0000008521cf8e30 mode 0
Event: 257.521 Thread 0x0000026876ab7570 DEOPT PACKING pc=0x00000268398a4a8e sp=0x00000085218f9180
Event: 257.521 Thread 0x0000026876ab7570 DEOPT UNPACKING pc=0x000002683d4c2b43 sp=0x00000085218f8998 mode 0

Classes unloaded (20 events):
Event: 239.692 Thread 0x0000026851f0ede0 Unloading class 0x0000026854482ff8 'jdk/internal/jimage/ImageHeader'
Event: 239.692 Thread 0x0000026851f0ede0 Unloading class 0x0000026854482dc8 'jdk/internal/jimage/BasicImageReader$2'
Event: 239.692 Thread 0x0000026851f0ede0 Unloading class 0x0000026854482b98 'jdk/internal/jimage/BasicImageReader$1'
Event: 239.692 Thread 0x0000026851f0ede0 Unloading class 0x0000026854482930 'jdk/internal/jimage/ImageReader$Resource'
Event: 239.692 Thread 0x0000026851f0ede0 Unloading class 0x00000268544826c8 'jdk/internal/jimage/ImageReader$LinkNode'
Event: 239.692 Thread 0x0000026851f0ede0 Unloading class 0x0000026854482460 'jdk/internal/jimage/ImageReader$Directory'
Event: 239.692 Thread 0x0000026851f0ede0 Unloading class 0x00000268544821f8 'jdk/internal/jimage/ImageReader$Node'
Event: 239.692 Thread 0x0000026851f0ede0 Unloading class 0x0000026854482000 'jdk/internal/jimage/ImageStrings'
Event: 239.692 Thread 0x0000026851f0ede0 Unloading class 0x0000026854481b50 'jdk/internal/jimage/ImageReader$SharedImageReader'
Event: 239.692 Thread 0x0000026851f0ede0 Unloading class 0x0000026854481890 'jdk/internal/jimage/BasicImageReader'
Event: 239.692 Thread 0x0000026851f0ede0 Unloading class 0x0000026854481670 'jdk/internal/jimage/ImageReader'
Event: 239.692 Thread 0x0000026851f0ede0 Unloading class 0x0000026854481448 'jdk/internal/jrtfs/SystemImage$2'
Event: 239.692 Thread 0x0000026851f0ede0 Unloading class 0x0000026854481230 'jdk/internal/jrtfs/SystemImage$$Lambda$3731+0x0000026854481230'
Event: 239.692 Thread 0x0000026851f0ede0 Unloading class 0x0000026854481000 'jdk/internal/jrtfs/ExplodedImage'
Event: 239.692 Thread 0x0000026851f0ede0 Unloading class 0x0000026854480dc8 'jdk/internal/jrtfs/SystemImage$1'
Event: 239.692 Thread 0x0000026851f0ede0 Unloading class 0x0000026854480bb0 'jdk/internal/jrtfs/SystemImage'
Event: 239.692 Thread 0x0000026851f0ede0 Unloading class 0x0000026854480950 'jdk/internal/jrtfs/JrtFileStore'
Event: 239.692 Thread 0x0000026851f0ede0 Unloading class 0x00000268544805d8 'jdk/internal/jrtfs/JrtPath'
Event: 239.692 Thread 0x0000026851f0ede0 Unloading class 0x00000268544802e0 'jdk/internal/jrtfs/JrtFileSystem'
Event: 239.692 Thread 0x0000026851f0ede0 Unloading class 0x0000026854480000 'jdk/internal/jrtfs/JrtFileSystemProvider'

Classes redefined (0 events):
No events

Internal exceptions (20 events):
Event: 249.036 Thread 0x000002687e0d7210 Exception <a 'sun/nio/fs/WindowsException'{0x000000075191f868}> (0x000000075191f868) 
thrown [s\open\src\hotspot\share\prims\jni.cpp, line 516]
Event: 249.054 Thread 0x000002687e0d8140 Exception <a 'sun/nio/fs/WindowsException'{0x000000075116cb98}> (0x000000075116cb98) 
thrown [s\open\src\hotspot\share\prims\jni.cpp, line 516]
Event: 249.301 Thread 0x0000026876ab7a80 Exception <a 'sun/nio/fs/WindowsException'{0x000000078130c538}> (0x000000078130c538) 
thrown [s\open\src\hotspot\share\prims\jni.cpp, line 516]
Event: 249.544 Thread 0x0000026876ab7a80 Exception <a 'sun/nio/fs/WindowsException'{0x000000077c0ce6c8}> (0x000000077c0ce6c8) 
thrown [s\open\src\hotspot\share\prims\jni.cpp, line 516]
Event: 249.821 Thread 0x0000026876ab98e0 Exception <a 'java/lang/NoSuchMethodError'{0x000000076088c810}: 'void java.lang.invoke.DirectMethodHandle$Holder.invokeSpecialIFC(java.lang.Object, java.lang.Object, java.lang.Object, java.lang.Object)'> (0x000000076088c810) 
thrown [s\open\src\hotspot\share\interpreter\linkResolver.cpp, line 759]
Event: 250.432 Thread 0x00000268712647b0 Exception <a 'sun/nio/fs/WindowsException'{0x000000074cef1c08}> (0x000000074cef1c08) 
thrown [s\open\src\hotspot\share\prims\jni.cpp, line 516]
Event: 250.842 Thread 0x000002687e0d8140 Exception <a 'sun/nio/fs/WindowsException'{0x000000073c850c58}> (0x000000073c850c58) 
thrown [s\open\src\hotspot\share\prims\jni.cpp, line 516]
Event: 250.982 Thread 0x000002687e0d8140 Exception <a 'sun/nio/fs/WindowsException'{0x0000000738ab8df0}> (0x0000000738ab8df0) 
thrown [s\open\src\hotspot\share\prims\jni.cpp, line 516]
Event: 252.368 Thread 0x0000026871264cc0 Exception <a 'sun/nio/fs/WindowsException'{0x000000075a4cee08}> (0x000000075a4cee08) 
thrown [s\open\src\hotspot\share\prims\jni.cpp, line 516]
Event: 252.537 Thread 0x0000026874f549f0 Exception <a 'sun/nio/fs/WindowsException'{0x00000007565b1e90}> (0x00000007565b1e90) 
thrown [s\open\src\hotspot\share\prims\jni.cpp, line 516]
Event: 252.697 Thread 0x0000026874f549f0 Exception <a 'sun/nio/fs/WindowsException'{0x0000000752b012d8}> (0x0000000752b012d8) 
thrown [s\open\src\hotspot\share\prims\jni.cpp, line 516]
Event: 252.804 Thread 0x0000026874f549f0 Exception <a 'sun/nio/fs/WindowsException'{0x000000075030c590}> (0x000000075030c590) 
thrown [s\open\src\hotspot\share\prims\jni.cpp, line 516]
Event: 253.208 Thread 0x000002687e0d8140 Implicit null exception at 0x000002683e152acf to 0x000002683e152c24
Event: 253.594 Thread 0x0000026874f549f0 Exception <a 'sun/nio/fs/WindowsException'{0x000000074131d750}> (0x000000074131d750) 
thrown [s\open\src\hotspot\share\prims\jni.cpp, line 516]
Event: 253.679 Thread 0x000002687e0d8140 Exception <a 'sun/nio/fs/WindowsException'{0x0000000740078048}> (0x0000000740078048) 
thrown [s\open\src\hotspot\share\prims\jni.cpp, line 516]
Event: 253.699 Thread 0x0000026874f549f0 Exception <a 'sun/nio/fs/WindowsException'{0x000000073f22d3f0}> (0x000000073f22d3f0) 
thrown [s\open\src\hotspot\share\prims\jni.cpp, line 516]
Event: 253.884 Thread 0x0000026874f549f0 Exception <a 'sun/nio/fs/WindowsException'{0x000000073a61ce68}> (0x000000073a61ce68) 
thrown [s\open\src\hotspot\share\prims\jni.cpp, line 516]
Event: 253.886 Thread 0x000002687e0d8140 Exception <a 'sun/nio/fs/WindowsException'{0x000000073a9f4678}> (0x000000073a9f4678) 
thrown [s\open\src\hotspot\share\prims\jni.cpp, line 516]
Event: 256.087 Thread 0x000002687e0d8140 Exception <a 'sun/nio/fs/WindowsException'{0x000000074c9bdc90}> (0x000000074c9bdc90) 
thrown [s\open\src\hotspot\share\prims\jni.cpp, line 516]
Event: 256.582 Thread 0x000002687e0d8140 Exception <a 'sun/nio/fs/WindowsException'{0x0000000742628e38}> (0x0000000742628e38) 
thrown [s\open\src\hotspot\share\prims\jni.cpp, line 516]

VM Operations (20 events):
Event: 250.563 Executing VM operation: ICBufferFull done
Event: 251.182 Executing VM operation: G1CollectForAllocation
Event: 251.232 Executing VM operation: G1CollectForAllocation done
Event: 251.585 Executing VM operation: G1Concurrent
Event: 251.630 Executing VM operation: G1Concurrent done
Event: 251.765 Executing VM operation: G1Concurrent
Event: 251.782 Executing VM operation: G1Concurrent done
Event: 252.672 Executing VM operation: ICBufferFull
Event: 252.694 Executing VM operation: ICBufferFull done
Event: 253.369 Executing VM operation: ICBufferFull
Event: 253.389 Executing VM operation: ICBufferFull done
Event: 254.239 Executing VM operation: G1CollectForAllocation
Event: 254.281 Executing VM operation: G1CollectForAllocation done
Event: 254.373 Executing VM operation: G1CollectForAllocation
Event: 254.452 Executing VM operation: G1CollectForAllocation done
Event: 254.962 Executing VM operation: HandshakeAllThreads
Event: 255.056 Executing VM operation: HandshakeAllThreads done
Event: 256.056 Executing VM operation: Cleanup
Event: 256.066 Executing VM operation: Cleanup done
Event: 257.565 Executing VM operation: G1CollectForAllocation

Events (20 events):
Event: 248.921 Thread 0x0000026851f660d0 flushing nmethod 0x0000026839bd2290
Event: 248.921 Thread 0x0000026851f660d0 flushing nmethod 0x0000026839bd7110
Event: 248.921 Thread 0x0000026851f660d0 flushing nmethod 0x0000026839bd7b10
Event: 248.921 Thread 0x0000026851f660d0 flushing nmethod 0x0000026839bd8510
Event: 248.921 Thread 0x0000026851f660d0 flushing nmethod 0x0000026839bd8a90
Event: 248.921 Thread 0x0000026851f660d0 flushing nmethod 0x0000026839bd8f10
Event: 248.921 Thread 0x0000026851f660d0 flushing nmethod 0x0000026839bd9990
Event: 248.921 Thread 0x0000026851f660d0 flushing nmethod 0x0000026839bdbf90
Event: 248.921 Thread 0x0000026851f660d0 flushing nmethod 0x0000026839bdce90
Event: 248.921 Thread 0x0000026851f660d0 flushing nmethod 0x0000026839bde090
Event: 248.921 Thread 0x0000026851f660d0 flushing nmethod 0x0000026839bde410
Event: 252.932 Thread 0x0000026873374030 Thread added: 0x0000026873374030
Event: 255.075 Thread 0x0000026851f660d0 flushing nmethod 0x000002683efc5990
Event: 255.141 Thread 0x0000026851f660d0 flushing nmethod 0x000002683946b690
Event: 255.149 Thread 0x0000026851f660d0 flushing nmethod 0x0000026839a31910
Event: 255.150 Thread 0x0000026851f660d0 flushing nmethod 0x0000026839adea90
Event: 255.150 Thread 0x0000026851f660d0 flushing nmethod 0x0000026839aee510
Event: 255.151 Thread 0x0000026851f660d0 flushing nmethod 0x0000026839bc6090
Event: 255.152 Thread 0x0000026851f660d0 flushing nmethod 0x0000026839c05a10
Event: 255.152 Thread 0x0000026851f660d0 flushing nmethod 0x0000026839c0cd90


Dynamic libraries:
0x00007ff6bae20000 - 0x00007ff6bae30000 	C:\Program Files\Java\jdk-17\bin\java.exe
0x00007ffba4120000 - 0x00007ffba4387000 	C:\WINDOWS\SYSTEM32\ntdll.dll
0x00007ffba33d0000 - 0x00007ffba3499000 	C:\WINDOWS\System32\KERNEL32.DLL
0x00007ffba16d0000 - 0x00007ffba1abf000 	C:\WINDOWS\System32\KERNELBASE.dll
0x00007ffba1c00000 - 0x00007ffba1d4b000 	C:\WINDOWS\System32\ucrtbase.dll
0x00007ffb9c1e0000 - 0x00007ffb9c1fb000 	C:\Program Files\Java\jdk-17\bin\VCRUNTIME140.dll
0x00007ffb9e1a0000 - 0x00007ffb9e1b9000 	C:\Program Files\Java\jdk-17\bin\jli.dll
0x00007ffba1f40000 - 0x00007ffba1ff4000 	C:\WINDOWS\System32\ADVAPI32.dll
0x00007ffba3b30000 - 0x00007ffba3bd9000 	C:\WINDOWS\System32\msvcrt.dll
0x00007ffba2e60000 - 0x00007ffba2f06000 	C:\WINDOWS\System32\sechost.dll
0x00007ffba2a00000 - 0x00007ffba2b18000 	C:\WINDOWS\System32\RPCRT4.dll
0x00007ffba2b20000 - 0x00007ffba2ce5000 	C:\WINDOWS\System32\USER32.dll
0x00007ffba1d50000 - 0x00007ffba1d77000 	C:\WINDOWS\System32\win32u.dll
0x00007ffb87ff0000 - 0x00007ffb88283000 	C:\WINDOWS\WinSxS\amd64_microsoft.windows.common-controls_6595b64144ccf1df_6.0.26100.7309_none_3e05feeae336a044\COMCTL32.dll
0x00007ffba2cf0000 - 0x00007ffba2d1b000 	C:\WINDOWS\System32\GDI32.dll
0x00007ffba1ad0000 - 0x00007ffba1bfc000 	C:\WINDOWS\System32\gdi32full.dll
0x00007ffba13f0000 - 0x00007ffba1493000 	C:\WINDOWS\System32\msvcp_win.dll
0x00007ffb989b0000 - 0x00007ffb989bb000 	C:\WINDOWS\SYSTEM32\VERSION.dll
0x00007ffba3500000 - 0x00007ffba3531000 	C:\WINDOWS\System32\IMM32.DLL
0x00007ffb9c1d0000 - 0x00007ffb9c1dc000 	C:\Program Files\Java\jdk-17\bin\vcruntime140_1.dll
0x00007ffb89e10000 - 0x00007ffb89e9e000 	C:\Program Files\Java\jdk-17\bin\msvcp140.dll
0x00007ffaeaa90000 - 0x00007ffaeb671000 	C:\Program Files\Java\jdk-17\bin\server\jvm.dll
0x00007ffba3ee0000 - 0x00007ffba3ee8000 	C:\WINDOWS\System32\PSAPI.DLL
0x00007ffb8aa40000 - 0x00007ffb8aa4a000 	C:\WINDOWS\SYSTEM32\WSOCK32.dll
0x00007ffb98970000 - 0x00007ffb989a5000 	C:\WINDOWS\SYSTEM32\WINMM.dll
0x00007ffba3c30000 - 0x00007ffba3ca4000 	C:\WINDOWS\System32\WS2_32.dll
0x00007ffba0020000 - 0x00007ffba003b000 	C:\WINDOWS\SYSTEM32\kernel.appcore.dll
0x00007ffb93bc0000 - 0x00007ffb93bca000 	C:\Program Files\Java\jdk-17\bin\jimage.dll
0x00007ffb93d60000 - 0x00007ffb93fa2000 	C:\WINDOWS\SYSTEM32\DBGHELP.DLL
0x00007ffba3790000 - 0x00007ffba3b16000 	C:\WINDOWS\System32\combase.dll
0x00007ffba3540000 - 0x00007ffba3616000 	C:\WINDOWS\System32\OLEAUT32.dll
0x00007ffb89dd0000 - 0x00007ffb89e0c000 	C:\WINDOWS\SYSTEM32\dbgcore.DLL
0x00007ffba1d80000 - 0x00007ffba1e25000 	C:\WINDOWS\System32\bcryptPrimitives.dll
0x00007ffb80c50000 - 0x00007ffb80c5e000 	C:\Program Files\Java\jdk-17\bin\instrument.dll
0x00007ffb8aa70000 - 0x00007ffb8aa95000 	C:\Program Files\Java\jdk-17\bin\java.dll
0x00007ffb4b130000 - 0x00007ffb4b207000 	C:\Program Files\Java\jdk-17\bin\jsvml.dll
0x00007ffba2100000 - 0x00007ffba2853000 	C:\WINDOWS\System32\SHELL32.dll
0x00007ffba1560000 - 0x00007ffba16ca000 	C:\WINDOWS\System32\wintypes.dll
0x00007ffb9ee70000 - 0x00007ffb9f6ce000 	C:\WINDOWS\SYSTEM32\windows.storage.dll
0x00007ffba2000000 - 0x00007ffba20f5000 	C:\WINDOWS\System32\SHCORE.dll
0x00007ffba3720000 - 0x00007ffba3786000 	C:\WINDOWS\System32\shlwapi.dll
0x00007ffba1190000 - 0x00007ffba11b9000 	C:\WINDOWS\SYSTEM32\profapi.dll
0x00007ffb81a90000 - 0x00007ffb81aa8000 	C:\Program Files\Java\jdk-17\bin\zip.dll
0x00007ffb8aa50000 - 0x00007ffb8aa69000 	C:\Program Files\Java\jdk-17\bin\net.dll
0x00007ffb98ba0000 - 0x00007ffb98cc8000 	C:\WINDOWS\SYSTEM32\WINHTTP.dll
0x00007ffba0590000 - 0x00007ffba05fb000 	C:\WINDOWS\system32\mswsock.dll
0x00007ffb8a8c0000 - 0x00007ffb8a8d6000 	C:\Program Files\Java\jdk-17\bin\nio.dll
0x00007ffb81210000 - 0x00007ffb81220000 	C:\Program Files\Java\jdk-17\bin\verify.dll
0x00007ffb698e0000 - 0x00007ffb69907000 	C:\Users\HP Pavilion Gaming\.gradle\native\68d5fa5c4cc2d200863cafc0d521ce42e7d3e7ee720ec0a83991735586a16f82\windows-amd64\native-platform.dll
0x00007ffb38480000 - 0x00007ffb385c4000 	C:\Users\HP Pavilion Gaming\.gradle\native\e376f236ea51e6404a007f0833ffe2c6e607c4080706a723a18a27aeea778392\windows-amd64\native-platform-file-events.dll
0x00007ffb8a9a0000 - 0x00007ffb8a9aa000 	C:\Program Files\Java\jdk-17\bin\management.dll
0x00007ffb864f0000 - 0x00007ffb864fb000 	C:\Program Files\Java\jdk-17\bin\management_ext.dll
0x00007ffba0860000 - 0x00007ffba087b000 	C:\WINDOWS\SYSTEM32\CRYPTSP.dll
0x00007ffb9ff80000 - 0x00007ffb9ffba000 	C:\WINDOWS\system32\rsaenh.dll
0x00007ffba0640000 - 0x00007ffba066b000 	C:\WINDOWS\SYSTEM32\USERENV.dll
0x00007ffba1160000 - 0x00007ffba118a000 	C:\WINDOWS\SYSTEM32\bcrypt.dll
0x00007ffba0850000 - 0x00007ffba085c000 	C:\WINDOWS\SYSTEM32\CRYPTBASE.dll
0x00007ffb9f9f0000 - 0x00007ffb9fa24000 	C:\WINDOWS\SYSTEM32\IPHLPAPI.DLL
0x00007ffba3ed0000 - 0x00007ffba3eda000 	C:\WINDOWS\System32\NSI.dll
0x00007ffb98940000 - 0x00007ffb9895e000 	C:\WINDOWS\SYSTEM32\dhcpcsvc6.DLL
0x00007ffb98850000 - 0x00007ffb98873000 	C:\WINDOWS\SYSTEM32\dhcpcsvc.DLL
0x00007ffb9fa80000 - 0x00007ffb9fbac000 	C:\WINDOWS\SYSTEM32\DNSAPI.dll
0x00007ffb93bb0000 - 0x00007ffb93bbe000 	C:\Program Files\Java\jdk-17\bin\sunmscapi.dll
0x00007ffba1270000 - 0x00007ffba13e7000 	C:\WINDOWS\System32\CRYPT32.dll
0x00007ffba0a70000 - 0x00007ffba0aa0000 	C:\WINDOWS\SYSTEM32\ncrypt.dll
0x00007ffba0a20000 - 0x00007ffba0a5f000 	C:\WINDOWS\SYSTEM32\NTASN1.dll
0x00007ffb2fa60000 - 0x00007ffb2fa68000 	C:\WINDOWS\system32\wshunix.dll
0x00007ffb2fa20000 - 0x00007ffb2fa38000 	C:\WINDOWS\system32\napinsp.dll
0x00007ffb2fa00000 - 0x00007ffb2fa12000 	C:\WINDOWS\System32\winrnr.dll
0x00007ffb511f0000 - 0x00007ffb51212000 	C:\WINDOWS\system32\nlansp_c.dll
0x00007ffb98e90000 - 0x00007ffb98ea6000 	C:\WINDOWS\system32\wshbth.dll
0x00007ffb9a6e0000 - 0x00007ffb9a6eb000 	C:\Windows\System32\rasadhlp.dll
0x00007ffb95b90000 - 0x00007ffb95c16000 	C:\WINDOWS\System32\fwpuclnt.dll
0x00007ffb9e290000 - 0x00007ffb9e32f000 	C:\WINDOWS\system32\apphelp.dll
0x00007ffba0140000 - 0x00007ffba0176000 	C:\WINDOWS\SYSTEM32\ntmarta.dll
0x00007ffb80fc0000 - 0x00007ffb80fde000 	C:\Users\HP Pavilion Gaming\AppData\Local\Temp\native-platform10498892941111072537dir\native-platform.dll
0x00007ffb84f70000 - 0x00007ffb84f77000 	C:\Program Files\Java\jdk-17\bin\rmi.dll

dbghelp: loaded successfully - version: 4.0.5 - missing functions: none
symbol engine: initialized successfully - sym options: 0x614 - pdb path: .;C:\Program Files\Java\jdk-17\bin;C:\WINDOWS\SYSTEM32;C:\WINDOWS\WinSxS\amd64_microsoft.windows.common-controls_6595b64144ccf1df_6.0.26100.7309_none_3e05feeae336a044;C:\Program Files\Java\jdk-17\bin\server;C:\Users\HP Pavilion Gaming\.gradle\native\68d5fa5c4cc2d200863cafc0d521ce42e7d3e7ee720ec0a83991735586a16f82\windows-amd64;C:\Users\HP Pavilion Gaming\.gradle\native\e376f236ea51e6404a007f0833ffe2c6e607c4080706a723a18a27aeea778392\windows-amd64;C:\Users\HP Pavilion Gaming\AppData\Local\Temp\native-platform10498892941111072537dir

VM Arguments:
jvm_args: -XX:MaxMetaspaceSize=512m --add-opens=java.base/java.util=ALL-UNNAMED --add-opens=java.base/java.lang=ALL-UNNAMED --add-opens=java.base/java.lang.invoke=ALL-UNNAMED --add-opens=java.prefs/java.util.prefs=ALL-UNNAMED --add-opens=java.base/java.nio.charset=ALL-UNNAMED --add-opens=java.base/java.net=ALL-UNNAMED --add-opens=java.base/java.util.concurrent.atomic=ALL-UNNAMED -Xmx4096m -Dfile.encoding=windows-1252 -Duser.country=IN -Duser.language=en -Duser.variant -javaagent:C:\Users\HP Pavilion Gaming\.gradle\wrapper\dists\gradle-8.3-all\6en3ugtfdg5xnpx44z4qbwgas\gradle-8.3\lib\agents\gradle-instrumentation-agent-8.3.jar 
java_command: org.gradle.launcher.daemon.bootstrap.GradleDaemon 8.3
java_class_path (initial): C:\Users\HP Pavilion Gaming\.gradle\wrapper\dists\gradle-8.3-all\6en3ugtfdg5xnpx44z4qbwgas\gradle-8.3\lib\gradle-launcher-8.3.jar
Launcher Type: SUN_STANDARD

[Global flags]
     intx CICompilerCount                          = 4                                         {product} {ergonomic}
   size_t CompressedClassSpaceSize                 = 436207616                                 {product} {ergonomic}
     uint ConcGCThreads                            = 3                                         {product} {ergonomic}
     uint G1ConcRefinementThreads                  = 10                                        {product} {ergonomic}
   size_t G1HeapRegionSize                         = 2097152                                   {product} {ergonomic}
    uintx GCDrainStackTargetSize                   = 64                                        {product} {ergonomic}
   size_t InitialHeapSize                          = 123731968                                 {product} {ergonomic}
   size_t MarkStackSize                            = 4194304                                   {product} {ergonomic}
   size_t MaxHeapSize                              = 4294967296                                {product} {command line}
   size_t MaxMetaspaceSize                         = 536870912                                 {product} {command line}
   size_t MaxNewSize                               = 2575302656                                {product} {ergonomic}
   size_t MinHeapDeltaBytes                        = 2097152                                   {product} {ergonomic}
   size_t MinHeapSize                              = 8388608                                   {product} {ergonomic}
    uintx NonNMethodCodeHeapSize                   = 5839372                                {pd product} {ergonomic}
    uintx NonProfiledCodeHeapSize                  = 122909434                              {pd product} {ergonomic}
    uintx ProfiledCodeHeapSize                     = 122909434                              {pd product} {ergonomic}
    uintx ReservedCodeCacheSize                    = 251658240                              {pd product} {ergonomic}
     bool SegmentedCodeCache                       = true                                      {product} {ergonomic}
   size_t SoftMaxHeapSize                          = 4294967296                             {manageable} {ergonomic}
     bool UseCompressedClassPointers               = true                           {product lp64_product} {ergonomic}
     bool UseCompressedOops                        = true                           {product lp64_product} {ergonomic}
     bool UseG1GC                                  = true                                      {product} {ergonomic}
     bool UseLargePagesIndividualAllocation        = false                                  {pd product} {ergonomic}

Logging:
Log output configuration:
 #0: stdout all=warning uptime,level,tags
 #1: stderr all=off uptime,level,tags

Environment Variables:
JAVA_HOME=C:\Program Files\Java\jdk-17
CLASSPATH=D:\My Stuff\New folder\Projects\doc-appoint\doc-appoint-mobileApp\android\\gradle\wrapper\gradle-wrapper.jar
PATH=D:\My Stuff\New folder\Projects\doc-appoint\doc-appoint-mobileApp\node_modules\.bin;D:\My Stuff\New folder\Projects\doc-appoint\doc-appoint-mobileApp\node_modules\.bin;D:\My Stuff\New folder\Projects\doc-appoint\node_modules\.bin;D:\My Stuff\New folder\Projects\node_modules\.bin;D:\My Stuff\New folder\node_modules\.bin;D:\My Stuff\node_modules\.bin;D:\node_modules\.bin;C:\Users\HP Pavilion Gaming\AppData\Roaming\npm\node_modules\npm\node_modules\@npmcli\run-script\lib\node-gyp-bin;C:\Program Files\Java\jdk-17\bin;C:\WINDOWS\system32;C:\Python312\Scripts\;C:\Python312\;C:\WINDOWS;C:\WINDOWS\System32\Wbem;C:\WINDOWS\System32\WindowsPowerShell\v1.0\;C:\WINDOWS\System32\OpenSSH\;C:\Program Files\nodejs\;C:\ProgramData\chocolatey\bin;C:\Program Files\apache-maven-3.9.10\bin;C:\MinGW\bin;C:\Program Files\Go\bin;C:\Program Files\protoc\bin;C:\Program Files\Docker\Docker\resources\bin;C:\Program Files\Git\cmd;C:\Users\HP Pavilion Gaming\.cargo\bin;C:\Users\HP Pavilion Gaming\AppData\Local\Microsoft\WindowsApps;C:\Users\HP Pavilion Gaming\AppData\Roaming\npm;C:\ProgramData\Microsoft VS Code\bin;C:\Users\HP Pavilion Gaming\.dotnet\tools;C:\Program Files\JetBrains\IntelliJ IDEA Community Edition 2024.3.1\bin;C:\Program Files\JetBrains\PyCharm Community Edition 2024.3.1.1\bin;C:\Program Files\apache-maven-3.9.10\bin;C:\MinGW\bin;C:\Users\HP Pavilion Gaming\go\bin;C:\Users\HP Pavilion Gaming\AppData\Roaming\Python\Python312\Scripts;C:\Users\HP Pavilion Gaming\AppData\Local\Programs\Antigravity\bin;C:\Android\Sdk\platform-tools
USERNAME=HP Pavilion Gaming
LANG=en_US.UTF-8
OS=Windows_NT
PROCESSOR_IDENTIFIER=AMD64 Family 23 Model 96 Stepping 1, AuthenticAMD



---------------  S Y S T E M  ---------------

OS:
 Windows 11 , 64 bit Build 26100 (10.0.26100.7623)
OS uptime: 25 days 3:19 hours
Hyper-V role detected

CPU: total 12 (initial active 12) (12 cores per cpu, 2 threads per core) family 23 model 96 stepping 1 microcode 0x860010c, cx8, cmov, fxsr, ht, mmx, 3dnowpref, sse, sse2, sse3, ssse3, sse4a, sse4.1, sse4.2, popcnt, lzcnt, tsc, tscinvbit, avx, avx2, aes, clmul, bmi1, bmi2, adx, sha, fma, vzeroupper, clflush, clflushopt, hv

Memory: 4k page, system-wide physical 7539M (741M free)
TotalPageFile size 31091M (AvailPageFile size 28M)
current process WorkingSet (physical memory assigned to process): 1719M, peak: 1719M
current process commit charge ("private bytes"): 2741M, peak: 2905M

vm_info: Java HotSpot(TM) 64-Bit Server VM (17.0.13+10-LTS-268) for windows-amd64 JRE (17.0.13+10-LTS-268), built on Sep 30 2024 06:33:13 by "mach5one" with MS VC++ 17.6 (VS2022)

END.
